customer_id,customer_name,email,customer_segment,region,country,signup_date
CUST-0001,Rohan Patel,rohan.patel41@outlook.com,Consumer,North,IND,2025-07-23
CUST-0002,Vikram Das,vikram.das14@novamail.in,Consumer,North,IND,2025-09-20
CUST-0003,Ayaan Pillai,ayaan.pillai93@yahoo.in,Prosumer,North,IND,2026-01-01
CUST-0004,Ayaan Deshmukh,ayaan.deshmukh30@gmail.com,Prosumer,East,IND,2025-11-22
CUST-0005,Krishna Mehta,krishna.mehta23@outlook.com,Consumer,South,IND,2025-07-20
CUST-0006,Saanvi Chopra,saanvi.chopra68@gmail.com,Consumer,East,IND,2025-12-11
CUST-0007,Aditya Das,aditya.das83@outlook.com,Consumer,East,IND,2025-07-06
CUST-0008,Vivaan Rao,vivaan.rao39@gmail.com,Student,East,IND,2025-12-12
CUST-0009,Krishna Deshmukh,krishna.deshmukh57@yahoo.in,Consumer,East,IND,2026-05-10
CUST-0010,Krishna Gupta,krishna.gupta30@yahoo.in,Consumer,South,IND,2025-10-17
CUST-0011,Kavya Das,kavya.das17@outlook.com,Consumer,South,IND,2025-06-17
CUST-0012,Neha Singh,neha.singh18@outlook.com,Consumer,West,IND,2026-03-18
CUST-0013,Amit Singh,amit.singh60@novamail.in,Student,South,IND,2026-04-26
CUST-0014,Pari Mehta,pari.mehta41@yahoo.in,Prosumer,East,IND,2026-03-03
CUST-0015,Krishna Banerjee,krishna.banerjee56@novamail.in,Consumer,West,IND,2025-08-10
CUST-0016,Navya Menon,navya.menon24@gmail.com,Consumer,North,IND,2025-08-21
CUST-0017,Neha Bhat,neha.bhat58@novamail.in,Prosumer,North,IND,2026-01-26
CUST-0018,Navya Iyer,navya.iyer97@gmail.com,Student,North,IND,2025-10-15
CUST-0019,Kabir Singh,kabir.singh65@outlook.com,Consumer,North,IND,2025-06-02
CUST-0020,Meera Iyer,meera.iyer90@gmail.com,Consumer,South,IND,2026-04-24
CUST-0021,Navya Kapoor,navya.kapoor57@yahoo.in,Corporate,South,IND,2026-03-04
CUST-0022,Kabir Pillai,kabir.pillai72@outlook.com,Consumer,North,IND,2025-12-03
CUST-0023,Amit Kumar,amit.kumar40@gmail.com,Student,South,IND,2025-07-11
CUST-0024,Aditya Menon,aditya.menon26@yahoo.in,Prosumer,North,IND,2026-03-09
CUST-0025,Sai Iyer,sai.iyer79@yahoo.in,Corporate,West,IND,2026-05-20
CUST-0026,Reyansh Kumar,reyansh.kumar66@outlook.com,Student,West,IND,2026-01-18
CUST-0027,Vihaan Rao,vihaan.rao53@gmail.com,Consumer,South,IND,2026-03-11
CUST-0028,Ayaan Banerjee,ayaan.banerjee19@gmail.com,Prosumer,South,IND,2025-07-01
CUST-0029,Ayaan Gupta,ayaan.gupta19@outlook.com,Consumer,North,IND,2025-10-21
CUST-0030,Vikram Menon,vikram.menon83@yahoo.in,Prosumer,South,IND,2025-10-03
CUST-0031,Neha Menon,neha.menon22@yahoo.in,Consumer,West,IND,2026-01-07
CUST-0032,Saanvi Bhat,saanvi.bhat16@novamail.in,Prosumer,West,IND,2026-04-27
CUST-0033,Vihaan Verma,vihaan.verma23@outlook.com,Consumer,West,IND,2025-09-06
CUST-0034,Riya Deshmukh,riya.deshmukh33@novamail.in,Consumer,South,IND,2025-10-06
CUST-0035,Tanvi Gupta,tanvi.gupta16@gmail.com,Prosumer,West,IND,2026-03-04
CUST-0036,Rahul Sharma,rahul.sharma31@yahoo.in,Consumer,North,IND,2026-02-02
CUST-0037,Reyansh Joshi,reyansh.joshi58@yahoo.in,Consumer,North,IND,2025-12-17
CUST-0038,Krishna Deshmukh,krishna.deshmukh99@novamail.in,Student,East,IND,2026-03-12
CUST-0039,Vikram Menon,vikram.menon47@yahoo.in,Consumer,South,IND,2025-06-30
CUST-0040,Myra Das,myra.das17@outlook.com,Consumer,North,IND,2026-01-31
CUST-0041,Navya Pillai,navya.pillai75@gmail.com,Consumer,South,IND,2025-09-04
CUST-0042,Aditya Kapoor,aditya.kapoor61@yahoo.in,Consumer,North,IND,2026-03-19
CUST-0043,Ayaan Banerjee,ayaan.banerjee63@gmail.com,Prosumer,North,IND,2026-03-17
CUST-0044,Navya Singh,navya.singh95@yahoo.in,Prosumer,East,IND,2025-10-01
CUST-0045,Krishna Joshi,krishna.joshi68@outlook.com,Consumer,South,IND,2025-07-08
CUST-0046,Aarav Deshmukh,aarav.deshmukh78@gmail.com,Consumer,North,IND,2025-10-14
CUST-0047,Arjun Chopra,arjun.chopra57@yahoo.in,Consumer,North,IND,2026-01-11
CUST-0048,Rahul Das,rahul.das95@gmail.com,Corporate,East,IND,2025-11-01
CUST-0049,Kavya Patel,kavya.patel24@outlook.com,Student,South,IND,2026-03-11
CUST-0050,Arjun Iyer,arjun.iyer53@yahoo.in,Consumer,East,IND,2026-04-21
CUST-0051,Tanvi Iyer,tanvi.iyer16@outlook.com,Consumer,West,IND,2026-01-03
CUST-0052,Rahul Iyer,rahul.iyer52@gmail.com,Corporate,North,IND,2026-04-23
CUST-0053,Krishna Reddy,krishna.reddy81@novamail.in,Consumer,West,IND,2025-07-09
CUST-0054,Amit Mehta,amit.mehta84@outlook.com,Prosumer,North,IND,2026-01-07
CUST-0055,Arjun Verma,arjun.verma15@outlook.com,Student,East,IND,2025-09-16
CUST-0056,Vikram Rao,vikram.rao81@outlook.com,Student,North,IND,2025-12-26
CUST-0057,Sneha Mehta,sneha.mehta32@yahoo.in,Student,South,IND,2025-06-13
CUST-0058,Sai Singh,sai.singh44@yahoo.in,Consumer,West,IND,2026-05-26
CUST-0059,Vihaan Joshi,vihaan.joshi38@novamail.in,Consumer,North,IND,2026-01-22
CUST-0060,Saanvi Kumar,saanvi.kumar13@yahoo.in,Prosumer,South,IND,2025-12-22
CUST-0061,Diya Iyer,diya.iyer54@outlook.com,Prosumer,North,IND,2025-12-22
CUST-0062,Vikram Das,vikram.das24@gmail.com,Student,East,IND,2025-10-12
CUST-0063,Sai Banerjee,sai.banerjee23@gmail.com,Prosumer,East,IND,2025-11-24
CUST-0064,Meera Singh,meera.singh59@gmail.com,Student,West,IND,2025-09-06
CUST-0065,Krishna Verma,krishna.verma76@gmail.com,Student,West,IND,2026-03-03
CUST-0066,Vikram Nair,vikram.nair18@novamail.in,Student,East,IND,2025-11-17
CUST-0067,Sneha Singh,sneha.singh74@outlook.com,Consumer,North,IND,2025-12-27
CUST-0068,Diya Joshi,diya.joshi34@yahoo.in,Consumer,East,IND,2025-12-12
CUST-0069,Vikram Reddy,vikram.reddy80@novamail.in,Corporate,East,IND,2025-11-03
CUST-0070,Ishaan Nair,ishaan.nair69@outlook.com,Consumer,West,IND,2026-05-12
CUST-0071,Reyansh Pillai,reyansh.pillai94@yahoo.in,Consumer,West,IND,2026-02-19
CUST-0072,Vikram Kapoor,vikram.kapoor40@gmail.com,Prosumer,East,IND,2025-09-24
CUST-0073,Neha Nair,neha.nair15@gmail.com,Consumer,South,IND,2026-01-30
CUST-0074,Sneha Gupta,sneha.gupta90@novamail.in,Prosumer,West,IND,2026-05-23
CUST-0075,Ananya Menon,ananya.menon28@yahoo.in,Prosumer,West,IND,2025-06-03
CUST-0076,Amit Patel,amit.patel32@yahoo.in,Corporate,West,IND,2026-05-23
CUST-0077,Navya Deshmukh,navya.deshmukh25@yahoo.in,Consumer,North,IND,2026-01-24
CUST-0078,Vikram Pillai,vikram.pillai88@novamail.in,Corporate,East,IND,2026-02-14
CUST-0079,Aadhya Das,aadhya.das70@yahoo.in,Consumer,West,IND,2025-10-05
CUST-0080,Rahul Iyer,rahul.iyer45@yahoo.in,Consumer,West,IND,2025-10-25
CUST-0081,Ayaan Iyer,ayaan.iyer79@outlook.com,Consumer,East,IND,2025-08-17
CUST-0082,Ayaan Joshi,ayaan.joshi18@yahoo.in,Consumer,South,IND,2025-11-17
CUST-0083,Riya Deshmukh,riya.deshmukh36@gmail.com,Corporate,West,IND,2025-12-17
CUST-0084,Amit Banerjee,amit.banerjee71@novamail.in,Consumer,North,IND,2025-11-28
CUST-0085,Ishaan Joshi,ishaan.joshi72@yahoo.in,Consumer,West,IND,2026-01-10
CUST-0086,Isha Sharma,isha.sharma95@outlook.com,Prosumer,West,IND,2025-12-25
CUST-0087,Meera Reddy,meera.reddy89@yahoo.in,Consumer,West,IND,2025-12-19
CUST-0088,Myra Banerjee,myra.banerjee92@gmail.com,Consumer,North,IND,2026-01-23
CUST-0089,Sai Verma,sai.verma51@novamail.in,Consumer,East,IND,2025-11-15
CUST-0090,Diya Joshi,diya.joshi42@novamail.in,Corporate,East,IND,2026-01-27
CUST-0091,Aarav Das,aarav.das38@outlook.com,Prosumer,North,IND,2026-04-30
CUST-0092,Vivaan Sharma,vivaan.sharma12@yahoo.in,Prosumer,South,IND,2025-10-01
CUST-0093,Arjun Menon,arjun.menon69@yahoo.in,Prosumer,North,IND,2025-12-06
CUST-0094,Sai Kapoor,sai.kapoor49@yahoo.in,Consumer,North,IND,2025-06-14
CUST-0095,Kavya Kumar,kavya.kumar35@novamail.in,Consumer,West,IND,2026-05-20
CUST-0096,Rahul Rao,rahul.rao97@outlook.com,Prosumer,North,IND,2025-08-01
CUST-0097,Neha Banerjee,neha.banerjee78@outlook.com,Consumer,North,IND,2025-12-07
CUST-0098,Aditya Pillai,aditya.pillai63@gmail.com,Corporate,East,IND,2025-07-25
CUST-0099,Aadhya Chopra,aadhya.chopra65@yahoo.in,Consumer,West,IND,2026-02-23
CUST-0100,Rohan Iyer,rohan.iyer65@novamail.in,Corporate,West,IND,2026-03-31
CUST-0101,Krishna Singh,krishna.singh45@gmail.com,Student,South,IND,2025-10-03
CUST-0102,Kabir Deshmukh,kabir.deshmukh13@outlook.com,Consumer,West,IND,2025-11-14
CUST-0103,Sai Menon,sai.menon43@outlook.com,Consumer,South,IND,2026-04-02
CUST-0104,Pooja Iyer,pooja.iyer20@yahoo.in,Consumer,North,IND,2025-12-26
CUST-0105,Isha Das,isha.das92@novamail.in,Prosumer,South,IND,2026-01-16
CUST-0106,Neha Sharma,neha.sharma38@outlook.com,Consumer,North,IND,2025-10-03
CUST-0107,Ishaan Banerjee,ishaan.banerjee80@novamail.in,Consumer,East,IND,2026-01-04
CUST-0108,Meera Das,meera.das99@outlook.com,Consumer,East,IND,2025-11-04
CUST-0109,Krishna Rao,krishna.rao50@yahoo.in,Consumer,North,IND,2026-03-02
CUST-0110,Kabir Reddy,kabir.reddy71@yahoo.in,Consumer,South,IND,2026-03-29
CUST-0111,Kabir Pillai,kabir.pillai34@gmail.com,Consumer,East,IND,2025-12-02
CUST-0112,Sai Kumar,sai.kumar45@yahoo.in,Consumer,North,IND,2025-06-28
CUST-0113,Riya Kumar,riya.kumar23@novamail.in,Student,South,IND,2026-03-21
CUST-0114,Ishaan Menon,ishaan.menon53@novamail.in,Consumer,West,IND,2025-06-27
CUST-0115,Krishna Menon,krishna.menon61@gmail.com,Consumer,North,IND,2026-03-23
CUST-0116,Rohan Verma,rohan.verma82@yahoo.in,Student,South,IND,2025-07-14
CUST-0117,Ayaan Patel,ayaan.patel76@yahoo.in,Consumer,West,IND,2026-01-13
CUST-0118,Ishaan Banerjee,ishaan.banerjee82@outlook.com,Prosumer,West,IND,2026-04-09
CUST-0119,Meera Patel,meera.patel43@yahoo.in,Prosumer,South,IND,2025-08-20
CUST-0120,Ayaan Reddy,ayaan.reddy10@yahoo.in,Consumer,North,IND,2026-05-19
CUST-0121,Sneha Menon,sneha.menon39@gmail.com,Consumer,East,IND,2025-10-23
CUST-0122,Pooja Deshmukh,pooja.deshmukh43@yahoo.in,Corporate,North,IND,2026-04-17
CUST-0123,Myra Nair,myra.nair79@gmail.com,Consumer,West,IND,2025-08-16
CUST-0124,Kavya Iyer,kavya.iyer17@gmail.com,Consumer,South,IND,2025-11-05
CUST-0125,Sneha Banerjee,sneha.banerjee25@novamail.in,Consumer,East,IND,2025-11-03
CUST-0126,Pooja Joshi,pooja.joshi66@novamail.in,Consumer,East,IND,2025-06-21
CUST-0127,Amit Bhat,amit.bhat13@outlook.com,Consumer,East,IND,2026-05-12
CUST-0128,Rahul Banerjee,rahul.banerjee83@outlook.com,Consumer,North,IND,2025-08-29
CUST-0129,Isha Pillai,isha.pillai33@outlook.com,Student,West,IND,2026-01-10
CUST-0130,Rohan Menon,rohan.menon54@novamail.in,Consumer,North,IND,2025-11-12
CUST-0131,Olivia Garcia,olivia.garcia98@techcorp.com,Consumer,US-Central,USA,2026-05-06
CUST-0132,Henry Moore,henry.moore21@techcorp.com,Consumer,US-East,USA,2025-11-13
CUST-0133,Olivia Gonzalez,olivia.gonzalez62@techcorp.com,Consumer,US-East,USA,2026-02-21
CUST-0134,Mia Martin,mia.martin16@techcorp.com,Consumer,US-South,USA,2026-03-09
CUST-0135,Noah Martinez,noah.martinez25@techcorp.com,Consumer,US-South,USA,2026-04-19
CUST-0136,Evelyn Davis,evelyn.davis80@outlook.com,Consumer,US-West,USA,2025-12-26
CUST-0137,Liam Davis,liam.davis25@techcorp.com,Prosumer,US-East,USA,2025-08-18
CUST-0138,Amelia Martinez,amelia.martinez71@techcorp.com,Student,US-Central,USA,2025-10-03
CUST-0139,Alexander Moore,alexander.moore34@techcorp.com,Student,US-West,USA,2026-02-16
CUST-0140,Noah Williams,noah.williams53@techcorp.com,Student,US-Central,USA,2026-02-15
CUST-0141,Benjamin Smith,benjamin.smith85@outlook.com,Prosumer,US-Central,USA,2026-05-04
CUST-0142,Amelia Jones,amelia.jones54@techcorp.com,Consumer,US-South,USA,2026-03-06
CUST-0143,Henry Anderson,henry.anderson99@icloud.com,Consumer,US-Central,USA,2025-12-14
CUST-0144,Sophia Wilson,sophia.wilson70@outlook.com,Prosumer,US-East,USA,2025-12-13
CUST-0145,Henry Jones,henry.jones26@gmail.com,Consumer,US-South,USA,2026-03-30
CUST-0146,Lucas Brown,lucas.brown77@gmail.com,Student,US-South,USA,2025-06-08
CUST-0147,Noah Wilson,noah.wilson70@gmail.com,Corporate,US-West,USA,2025-10-14
CUST-0148,Lucas Martin,lucas.martin52@gmail.com,Student,US-South,USA,2026-03-01
CUST-0149,Henry Hernandez,henry.hernandez89@gmail.com,Consumer,US-South,USA,2026-04-20
CUST-0150,Isabella Davis,isabella.davis22@techcorp.com,Corporate,US-East,USA,2026-05-27
CUST-0151,Olivia Anderson,olivia.anderson13@outlook.com,Consumer,US-West,USA,2025-06-29
CUST-0152,Isabella Lopez,isabella.lopez28@techcorp.com,Consumer,US-Central,USA,2025-12-28
CUST-0153,Daniel Garcia,daniel.garcia20@icloud.com,Prosumer,US-West,USA,2025-12-13
CUST-0154,Evelyn Davis,evelyn.davis39@icloud.com,Consumer,US-South,USA,2025-10-09
CUST-0155,Alexander Rodriguez,alexander.rodriguez46@techcorp.com,Prosumer,US-East,USA,2025-08-20
CUST-0156,Liam Anderson,liam.anderson91@outlook.com,Student,US-Central,USA,2026-05-20
CUST-0157,Benjamin Anderson,benjamin.anderson59@icloud.com,Student,US-Central,USA,2025-07-25
CUST-0158,Sophia Gonzalez,sophia.gonzalez99@outlook.com,Consumer,US-Central,USA,2026-05-04
CUST-0159,Henry Rodriguez,henry.rodriguez87@gmail.com,Prosumer,US-East,USA,2025-10-25
CUST-0160,Sophia Martin,sophia.martin91@icloud.com,Consumer,US-Central,USA,2025-10-07
CUST-0161,Noah Brown,noah.brown66@outlook.com,Consumer,US-East,USA,2025-12-04
CUST-0162,Noah Williams,noah.williams63@outlook.com,Consumer,US-Central,USA,2025-08-07
CUST-0163,Harper Lopez,harper.lopez42@icloud.com,Student,US-Central,USA,2026-02-02
CUST-0164,Isabella Hernandez,isabella.hernandez19@techcorp.com,Consumer,US-East,USA,2025-09-24
CUST-0165,Henry Moore,henry.moore60@gmail.com,Consumer,US-Central,USA,2026-03-02
CUST-0166,Olivia Anderson,olivia.anderson84@outlook.com,Consumer,US-Central,USA,2026-04-23
CUST-0167,Mia Brown,mia.brown13@techcorp.com,Prosumer,US-West,USA,2026-03-15
CUST-0168,Lucas Martin,lucas.martin91@gmail.com,Corporate,US-West,USA,2026-05-25
CUST-0169,Isabella Wilson,isabella.wilson15@icloud.com,Student,US-East,USA,2025-11-03
CUST-0170,Amelia Brown,amelia.brown78@icloud.com,Consumer,US-East,USA,2026-01-19
CUST-0171,Mia Moore,mia.moore63@icloud.com,Prosumer,US-South,USA,2026-02-06
CUST-0172,Evelyn Wilson,evelyn.wilson98@gmail.com,Consumer,US-Central,USA,2026-01-14
CUST-0173,Alexander Davis,alexander.davis97@gmail.com,Consumer,US-Central,USA,2026-04-27
CUST-0174,Mia Johnson,mia.johnson34@outlook.com,Student,US-South,USA,2026-01-19
CUST-0175,Liam Miller,liam.miller52@gmail.com,Consumer,US-East,USA,2025-08-04
CUST-0176,Daniel Miller,daniel.miller85@icloud.com,Consumer,US-East,USA,2025-09-28
CUST-0177,Lucas Jones,lucas.jones28@outlook.com,Student,US-East,USA,2026-03-04
CUST-0178,Benjamin Garcia,benjamin.garcia26@gmail.com,Consumer,US-East,USA,2025-09-30
CUST-0179,Daniel Hernandez,daniel.hernandez43@icloud.com,Consumer,US-East,USA,2026-01-02
CUST-0180,Michael Brown,michael.brown67@techcorp.com,Corporate,US-East,USA,2026-02-18
CUST-0181,Daniel Brown,daniel.brown88@icloud.com,Consumer,US-South,USA,2026-05-04
CUST-0182,Michael Martinez,michael.martinez17@gmail.com,Student,US-South,USA,2025-12-23
CUST-0183,Charlotte Brown,charlotte.brown19@techcorp.com,Student,US-South,USA,2025-11-12
CUST-0184,Evelyn Jones,evelyn.jones45@icloud.com,Prosumer,US-East,USA,2026-03-27
CUST-0185,Harper Hernandez,harper.hernandez68@outlook.com,Consumer,US-South,USA,2026-01-07
CUST-0186,Olivia Brown,olivia.brown67@techcorp.com,Student,US-West,USA,2025-12-29
CUST-0187,Lucas Anderson,lucas.anderson22@techcorp.com,Consumer,US-South,USA,2025-11-08
CUST-0188,Benjamin Lopez,benjamin.lopez18@techcorp.com,Consumer,US-West,USA,2025-07-14
CUST-0189,Liam Wilson,liam.wilson26@outlook.com,Prosumer,US-East,USA,2026-03-28
CUST-0190,Harper Moore,harper.moore62@gmail.com,Consumer,US-Central,USA,2026-05-07
CUST-0191,Charlotte Johnson,charlotte.johnson55@outlook.com,Consumer,US-Central,USA,2026-02-15
CUST-0192,William Jones,william.jones23@icloud.com,Consumer,US-South,USA,2026-03-12
CUST-0193,Mia Brown,mia.brown64@icloud.com,Corporate,US-Central,USA,2026-04-15
CUST-0194,Evelyn Moore,evelyn.moore13@outlook.com,Consumer,US-East,USA,2026-05-26
CUST-0195,Isabella Hernandez,isabella.hernandez33@gmail.com,Student,US-Central,USA,2026-03-17
CUST-0196,Henry Williams,henry.williams21@gmail.com,Prosumer,US-West,USA,2025-09-19
CUST-0197,Henry Wilson,henry.wilson30@outlook.com,Consumer,US-South,USA,2025-11-14
CUST-0198,Daniel Martin,daniel.martin29@gmail.com,Consumer,US-East,USA,2026-04-13
CUST-0199,Emma Williams,emma.williams94@techcorp.com,Consumer,US-Central,USA,2026-04-07
CUST-0200,Alexander Wilson,alexander.wilson75@icloud.com,Consumer,US-Central,USA,2026-01-07
