payment_id,order_id,payment_method,payment_status,payment_date,amount,currency
PAY-0001,ORD-0001,UPI,completed,2026-07-22,4482.88,INR
PAY-0002,ORD-0002,Net Banking,completed,2026-10-25,2801.38,INR
PAY-0003,ORD-0003,Debit Card,completed,2026-09-08,3556.44,USD
PAY-0004,ORD-0004,Debit Card,completed,2026-09-11,4716.46,INR
PAY-0005,ORD-0005,Debit Card,failed,2026-09-08,100888.88,INR
PAY-0006,ORD-0006,UPI,completed,2026-08-27,4718.82,INR
PAY-0007,ORD-0007,Debit Card,completed,2026-08-25,924.82,INR
PAY-0008,ORD-0008,UPI,completed,2026-09-05,2222.82,INR
PAY-0009,ORD-0009,Debit Card,completed,2026-09-02,60.53,USD
PAY-0010,ORD-0010,Wire Transfer,completed,2026-09-26,1077.84,USD
PAY-0011,ORD-0011,Net Banking,completed,2026-07-04,6917.92,INR
PAY-0012,ORD-0012,Debit Card,completed,2026-09-12,17698.82,INR
PAY-0013,ORD-0013,Net Banking,completed,2026-08-28,24377.32,INR
PAY-0014,ORD-0014,UPI,completed,2026-09-03,2221.64,INR
PAY-0015,ORD-0015,Credit Card,completed,2026-09-12,6368.46,INR
PAY-0016,ORD-0016,Debit Card,completed,2026-08-10,5897.64,INR
PAY-0017,ORD-0017,Credit Card,completed,2026-10-20,106.92,USD
PAY-0018,ORD-0018,Credit Card,completed,2026-07-12,6488.82,INR
PAY-0019,ORD-0019,Net Banking,completed,2026-10-16,3892.82,INR
PAY-0020,ORD-0020,UPI,completed,2026-09-06,3183.64,INR
PAY-0021,ORD-0021,Net Banking,failed,2026-08-25,5043.38,INR
PAY-0022,ORD-0022,Debit Card,completed,2026-10-01,2116.68,INR
PAY-0023,ORD-0023,Net Banking,completed,2026-10-21,4718.82,INR
PAY-0024,ORD-0024,Debit Card,completed,2026-07-03,2222.82,INR
PAY-0025,ORD-0025,Credit Card,completed,2026-07-08,18212.95,INR
PAY-0026,ORD-0026,Credit Card,completed,2026-08-01,60.53,USD
PAY-0027,ORD-0027,Debit Card,completed,2026-10-02,12385.34,INR
PAY-0028,ORD-0028,Credit Card,completed,2026-08-11,3537.64,INR
PAY-0029,ORD-0029,Wire Transfer,completed,2026-08-26,2611.44,USD
PAY-0030,ORD-0030,Debit Card,failed,2026-08-25,159.84,USD
PAY-0031,ORD-0031,Net Banking,completed,2026-10-16,1667.16,INR
PAY-0032,ORD-0032,Credit Card,completed,2026-10-18,106198.82,INR
PAY-0033,ORD-0033,Wire Transfer,completed,2026-08-02,1778.76,USD
PAY-0034,ORD-0034,Credit Card,failed,2026-10-05,109.13,USD
PAY-0035,ORD-0035,Debit Card,completed,2026-09-22,96.5,USD
PAY-0036,ORD-0036,Debit Card,completed,2026-08-04,16813.88,INR
PAY-0037,ORD-0037,Net Banking,completed,2026-09-07,10086.76,INR
PAY-0038,ORD-0038,Credit Card,completed,2026-09-03,33624.1,INR
PAY-0039,ORD-0039,Credit Card,completed,2026-09-04,19821.64,INR
PAY-0040,ORD-0040,Debit Card,completed,2026-08-23,6499.56,INR
PAY-0041,ORD-0041,Credit Card,completed,2026-09-15,924.82,INR
PAY-0042,ORD-0042,Debit Card,completed,2026-10-02,2801.38,INR
PAY-0043,ORD-0043,Credit Card,completed,2026-08-21,3698.18,INR
PAY-0044,ORD-0044,UPI,completed,2026-09-20,10615.28,INR
PAY-0045,ORD-0045,UPI,completed,2026-09-10,5308.82,INR
PAY-0046,ORD-0046,Debit Card,completed,2026-09-15,5307.64,INR
PAY-0047,ORD-0047,Debit Card,completed,2026-09-04,883.58,INR
PAY-0048,ORD-0048,Debit Card,completed,2026-10-28,1844.75,USD
PAY-0049,ORD-0049,UPI,completed,2026-08-17,3956.6,INR
PAY-0050,ORD-0050,Credit Card,completed,2026-09-28,53.6,USD
PAY-0051,ORD-0051,UPI,completed,2026-09-07,106198.82,INR
PAY-0052,ORD-0052,Net Banking,completed,2026-07-12,249275.35,INR
PAY-0053,ORD-0053,Wire Transfer,completed,2026-10-05,244.19,USD
PAY-0054,ORD-0054,UPI,completed,2026-09-10,1780.38,INR
PAY-0055,ORD-0055,Net Banking,completed,2026-08-21,4292.9,INR
PAY-0056,ORD-0056,Wire Transfer,completed,2026-09-02,9201.11,USD
PAY-0057,ORD-0057,Net Banking,completed,2026-10-28,4257.56,INR
PAY-0058,ORD-0058,Net Banking,completed,2026-08-18,6605.64,INR
PAY-0059,ORD-0059,Wire Transfer,failed,2026-08-18,1431.0,USD
PAY-0060,ORD-0060,Debit Card,completed,2026-08-04,246070.12,INR
PAY-0061,ORD-0061,Debit Card,completed,2026-09-05,7519.02,INR
PAY-0062,ORD-0062,Debit Card,completed,2026-09-04,162208.7,INR
PAY-0063,ORD-0063,Credit Card,completed,2026-10-03,55.27,USD
PAY-0064,ORD-0064,Credit Card,completed,2026-09-27,1416.91,USD
PAY-0065,ORD-0065,Net Banking,completed,2026-09-11,25397.43,INR
PAY-0066,ORD-0066,Net Banking,completed,2026-09-23,11087.4,INR
PAY-0067,ORD-0067,UPI,completed,2026-07-22,9200.46,INR
PAY-0068,ORD-0068,Debit Card,completed,2026-08-08,17698.82,INR
PAY-0069,ORD-0069,Debit Card,completed,2026-09-10,3536.46,INR
PAY-0070,ORD-0070,Net Banking,completed,2026-10-26,3302.82,INR
PAY-0071,ORD-0071,Credit Card,completed,2026-09-12,2458.82,INR
PAY-0072,ORD-0072,Net Banking,completed,2026-10-15,3249.78,INR
PAY-0073,ORD-0073,Credit Card,completed,2026-09-19,35397.64,INR
PAY-0074,ORD-0074,Debit Card,completed,2026-07-12,511.97,USD
PAY-0075,ORD-0075,Net Banking,failed,2026-09-25,110917.64,INR
PAY-0076,ORD-0076,Credit Card,completed,2026-08-22,12387.64,INR
PAY-0077,ORD-0077,Credit Card,completed,2026-10-25,57.92,USD
PAY-0078,ORD-0078,Credit Card,pending,2026-08-07,332.64,USD
PAY-0079,ORD-0079,Credit Card,completed,2026-07-20,883.58,INR
PAY-0080,ORD-0080,Debit Card,completed,2026-10-25,117467.82,INR
PAY-0081,ORD-0081,Net Banking,completed,2026-07-12,4598.52,INR
PAY-0082,ORD-0082,Credit Card,completed,2026-08-28,364.23,USD
PAY-0083,ORD-0083,Wire Transfer,completed,2026-07-15,81.05,USD
PAY-0084,ORD-0084,Wire Transfer,completed,2026-09-28,127.44,USD
PAY-0085,ORD-0085,Debit Card,completed,2026-09-08,4481.64,INR
PAY-0086,ORD-0086,Credit Card,completed,2026-09-16,3419.64,INR
PAY-0087,ORD-0087,Wire Transfer,completed,2026-09-01,294.84,USD
PAY-0088,ORD-0088,Wire Transfer,completed,2026-10-16,1905.28,USD
PAY-0089,ORD-0089,Credit Card,completed,2026-10-17,1145.02,USD
PAY-0090,ORD-0090,UPI,completed,2026-09-12,13920.52,INR
PAY-0091,ORD-0091,Credit Card,completed,2026-08-10,8975.95,INR
PAY-0092,ORD-0092,Credit Card,completed,2026-09-09,2458.82,INR
PAY-0093,ORD-0093,Credit Card,pending,2026-10-03,193929.74,INR
PAY-0094,ORD-0094,UPI,completed,2026-07-28,170697.62,INR
PAY-0095,ORD-0095,Credit Card,completed,2026-10-01,7785.64,INR
PAY-0096,ORD-0096,Net Banking,completed,2026-09-19,211684.93,INR
PAY-0097,ORD-0097,Credit Card,completed,2026-08-21,2294682.52,INR
PAY-0098,ORD-0098,UPI,completed,2026-08-04,7342.02,INR
PAY-0099,ORD-0099,Credit Card,completed,2026-08-03,103246.28,INR
PAY-0100,ORD-0100,Credit Card,completed,2026-08-05,4482.88,INR
PAY-0101,ORD-0101,Debit Card,completed,2026-09-20,688.82,INR
PAY-0102,ORD-0102,Net Banking,completed,2026-09-27,114337.28,INR
PAY-0103,ORD-0103,UPI,completed,2026-10-11,194038.96,INR
PAY-0104,ORD-0104,Net Banking,completed,2026-10-14,2458.82,INR
PAY-0105,ORD-0105,Credit Card,completed,2026-09-26,16220.4,INR
PAY-0106,ORD-0106,Debit Card,pending,2026-07-21,278.64,USD
PAY-0107,ORD-0107,Wire Transfer,completed,2026-08-24,81.05,USD
PAY-0108,ORD-0108,Credit Card,completed,2026-09-12,4482.88,INR
PAY-0109,ORD-0109,Debit Card,completed,2026-08-26,1278.82,INR
PAY-0110,ORD-0110,Credit Card,completed,2026-09-22,15690.64,INR
PAY-0111,ORD-0111,UPI,completed,2026-09-13,12387.64,INR
PAY-0112,ORD-0112,Debit Card,completed,2026-10-18,1160.82,INR
PAY-0113,ORD-0113,Wire Transfer,completed,2026-09-19,81.05,USD
PAY-0114,ORD-0114,Credit Card,completed,2026-09-11,85.32,USD
PAY-0115,ORD-0115,Net Banking,completed,2026-09-16,6163.26,INR
PAY-0116,ORD-0116,Credit Card,completed,2026-10-01,6615.0,USD
PAY-0117,ORD-0117,Net Banking,completed,2026-10-08,2340.88,INR
PAY-0118,ORD-0118,Net Banking,completed,2026-07-04,15926.46,INR
PAY-0119,ORD-0119,UPI,completed,2026-10-04,3537.64,INR
PAY-0120,ORD-0120,Credit Card,completed,2026-10-08,4481.64,INR
PAY-0121,ORD-0121,Debit Card,completed,2026-09-18,55.27,USD
PAY-0122,ORD-0122,Credit Card,completed,2026-09-22,8965.76,INR
PAY-0123,ORD-0123,Debit Card,completed,2026-07-05,2081.16,USD
PAY-0124,ORD-0124,Net Banking,completed,2026-09-12,924.82,INR
PAY-0125,ORD-0125,Debit Card,completed,2026-09-23,17698.82,INR
PAY-0126,ORD-0126,Credit Card,completed,2026-08-18,970.92,USD
PAY-0127,ORD-0127,Debit Card,pending,2026-09-27,1844.75,USD
PAY-0128,ORD-0128,Wire Transfer,completed,2026-08-23,296.46,USD
PAY-0129,ORD-0129,UPI,completed,2026-10-06,6863.94,INR
PAY-0130,ORD-0130,Net Banking,completed,2026-08-22,1444.08,INR
PAY-0131,ORD-0131,Credit Card,completed,2026-07-12,17933.76,INR
PAY-0132,ORD-0132,UPI,completed,2026-09-06,1936.26,INR
PAY-0133,ORD-0133,Credit Card,completed,2026-07-04,581.74,USD
PAY-0134,ORD-0134,Net Banking,completed,2026-09-24,6015.64,INR
PAY-0135,ORD-0135,UPI,completed,2026-07-26,17698.82,INR
PAY-0136,ORD-0136,UPI,completed,2026-10-05,8021.64,INR
PAY-0137,ORD-0137,Net Banking,completed,2026-07-07,6841.64,INR
PAY-0138,ORD-0138,Debit Card,completed,2026-09-21,116.64,USD
PAY-0139,ORD-0139,Credit Card,completed,2026-10-21,139.32,USD
PAY-0140,ORD-0140,Credit Card,completed,2026-10-04,157.19,USD
PAY-0141,ORD-0141,UPI,completed,2026-08-17,5495.32,INR
PAY-0142,ORD-0142,Debit Card,completed,2026-09-17,196.07,USD
PAY-0143,ORD-0143,UPI,pending,2026-10-19,4482.88,INR
PAY-0144,ORD-0144,Wire Transfer,completed,2026-09-13,766.42,USD
PAY-0145,ORD-0145,UPI,completed,2026-08-14,201777.76,INR
PAY-0146,ORD-0146,Net Banking,completed,2026-10-02,2458.82,INR
PAY-0147,ORD-0147,Debit Card,completed,2026-09-08,221206.36,INR
PAY-0148,ORD-0148,Net Banking,completed,2026-09-08,25895.34,INR
PAY-0149,ORD-0149,Debit Card,completed,2026-07-04,2227.66,INR
PAY-0150,ORD-0150,UPI,completed,2026-08-27,2801.38,INR
PAY-0151,ORD-0151,UPI,completed,2026-08-15,688.82,INR
PAY-0152,ORD-0152,Credit Card,completed,2026-10-11,103912.22,INR
PAY-0153,ORD-0153,Net Banking,completed,2026-07-04,3420.82,INR
PAY-0154,ORD-0154,Credit Card,completed,2026-08-21,883.58,INR
PAY-0155,ORD-0155,Net Banking,completed,2026-07-28,924.82,INR
PAY-0156,ORD-0156,Wire Transfer,completed,2026-08-14,53.6,USD
PAY-0157,ORD-0157,Credit Card,completed,2026-09-21,6164.38,INR
PAY-0158,ORD-0158,Net Banking,completed,2026-09-26,15127.89,INR
PAY-0159,ORD-0159,UPI,completed,2026-09-11,4718.82,INR
PAY-0160,ORD-0160,Credit Card,completed,2026-09-12,426.05,USD
PAY-0161,ORD-0161,Debit Card,completed,2026-10-28,1868.82,INR
PAY-0162,ORD-0162,Credit Card,completed,2026-09-19,11206.7,INR
PAY-0163,ORD-0163,Credit Card,completed,2026-07-16,598.72,USD
PAY-0164,ORD-0164,Debit Card,completed,2026-10-28,3302.82,INR
PAY-0165,ORD-0165,Credit Card,completed,2026-08-14,228234.48,INR
PAY-0166,ORD-0166,Debit Card,completed,2026-09-10,36576.46,INR
PAY-0167,ORD-0167,UPI,completed,2026-10-20,57317.32,INR
PAY-0168,ORD-0168,UPI,completed,2026-10-22,102657.7,INR
PAY-0169,ORD-0169,Credit Card,completed,2026-07-15,21589.28,INR
PAY-0170,ORD-0170,Wire Transfer,completed,2026-07-28,2092.39,USD
PAY-0171,ORD-0171,Wire Transfer,failed,2026-09-14,4461.37,USD
PAY-0172,ORD-0172,Credit Card,completed,2026-08-10,63.72,USD
PAY-0173,ORD-0173,Credit Card,completed,2026-09-10,113.99,USD
PAY-0174,ORD-0174,Credit Card,completed,2026-08-16,85.32,USD
PAY-0175,ORD-0175,Net Banking,completed,2026-08-15,3024.46,INR
PAY-0176,ORD-0176,Wire Transfer,failed,2026-09-18,139.32,USD
PAY-0177,ORD-0177,Credit Card,completed,2026-10-16,3360.76,INR
PAY-0178,ORD-0178,Net Banking,completed,2026-10-06,95844.44,INR
PAY-0179,ORD-0179,Debit Card,completed,2026-08-27,5306.58,INR
PAY-0180,ORD-0180,UPI,completed,2026-09-28,15455.7,INR
PAY-0181,ORD-0181,Credit Card,completed,2026-09-04,14038.46,INR
PAY-0182,ORD-0182,Net Banking,completed,2026-07-20,17698.82,INR
PAY-0183,ORD-0183,Credit Card,completed,2026-10-12,6163.26,INR
PAY-0184,ORD-0184,Net Banking,completed,2026-09-25,9438.82,INR
PAY-0185,ORD-0185,UPI,completed,2026-10-28,4481.76,INR
PAY-0186,ORD-0186,Debit Card,completed,2026-10-07,538.92,USD
PAY-0187,ORD-0187,Debit Card,completed,2026-09-04,3892.82,INR
PAY-0188,ORD-0188,Credit Card,completed,2026-10-09,4363.64,INR
PAY-0189,ORD-0189,Credit Card,completed,2026-08-14,272.21,USD
PAY-0190,ORD-0190,Debit Card,completed,2026-10-10,1310.2,USD
PAY-0191,ORD-0191,Wire Transfer,completed,2026-10-13,417.96,USD
PAY-0192,ORD-0192,Debit Card,completed,2026-08-04,2458.82,INR
PAY-0193,ORD-0193,Debit Card,completed,2026-09-08,39290.46,INR
PAY-0194,ORD-0194,Net Banking,completed,2026-09-13,53096.46,INR
PAY-0195,ORD-0195,Debit Card,completed,2026-09-17,4718.82,INR
PAY-0196,ORD-0196,Debit Card,completed,2026-09-06,23007.64,INR
PAY-0197,ORD-0197,Credit Card,completed,2026-08-28,85.32,USD
PAY-0198,ORD-0198,Wire Transfer,completed,2026-10-13,264.71,USD
PAY-0199,ORD-0199,Credit Card,completed,2026-10-05,758359.21,INR
PAY-0200,ORD-0200,Debit Card,completed,2026-08-26,922.37,USD
PAY-0201,ORD-0201,Debit Card,completed,2026-07-07,14361.84,INR
PAY-0202,ORD-0202,Debit Card,completed,2026-08-19,100888.88,INR
PAY-0203,ORD-0203,Credit Card,completed,2026-09-05,211808.52,INR
PAY-0204,ORD-0204,Wire Transfer,pending,2026-07-17,4565.16,USD
PAY-0205,ORD-0205,UPI,completed,2026-07-15,3513.27,INR
PAY-0206,ORD-0206,Credit Card,completed,2026-09-22,1130.76,USD
PAY-0207,ORD-0207,Net Banking,completed,2026-09-25,4718.82,INR
PAY-0208,ORD-0208,Net Banking,completed,2026-10-23,4718.82,INR
PAY-0209,ORD-0209,Credit Card,completed,2026-07-17,9436.46,INR
PAY-0210,ORD-0210,Credit Card,completed,2026-10-28,3360.76,INR
PAY-0211,ORD-0211,Debit Card,completed,2026-10-20,705.89,USD
PAY-0212,ORD-0212,Wire Transfer,completed,2026-09-14,112.32,USD
PAY-0213,ORD-0213,Wire Transfer,completed,2026-09-15,184.22,USD
PAY-0214,ORD-0214,Credit Card,completed,2026-07-16,883.58,INR
PAY-0215,ORD-0215,Credit Card,completed,2026-09-11,18287.64,INR
PAY-0216,ORD-0216,Credit Card,completed,2026-09-20,3583.84,INR
PAY-0217,ORD-0217,Debit Card,completed,2026-08-17,1175.04,USD
PAY-0218,ORD-0218,Credit Card,pending,2026-10-24,55.27,USD
PAY-0219,ORD-0219,Net Banking,completed,2026-10-20,4717.64,INR
PAY-0220,ORD-0220,Credit Card,completed,2026-10-20,70122.15,INR
PAY-0221,ORD-0221,Credit Card,completed,2026-09-27,7667.64,INR
PAY-0222,ORD-0222,Net Banking,completed,2026-07-14,9997.02,INR
PAY-0223,ORD-0223,Debit Card,completed,2026-10-25,1219.88,INR
PAY-0224,ORD-0224,Debit Card,completed,2026-08-20,17146.82,INR
PAY-0225,ORD-0225,Wire Transfer,completed,2026-09-11,694.6,USD
PAY-0226,ORD-0226,Debit Card,completed,2026-09-25,2458.82,INR
PAY-0227,ORD-0227,Credit Card,completed,2026-09-01,85.32,USD
PAY-0228,ORD-0228,Wire Transfer,completed,2026-09-05,705.89,USD
PAY-0229,ORD-0229,UPI,completed,2026-08-21,6499.56,INR
PAY-0230,ORD-0230,Net Banking,completed,2026-08-26,8966.88,INR
PAY-0231,ORD-0231,Credit Card,completed,2026-10-23,106198.82,INR
PAY-0232,ORD-0232,Net Banking,pending,2026-08-22,5306.58,INR
PAY-0233,ORD-0233,Debit Card,completed,2026-09-05,8846.46,INR
PAY-0234,ORD-0234,Debit Card,completed,2026-09-06,807.84,USD
PAY-0235,ORD-0235,Debit Card,completed,2026-08-25,106.92,USD
PAY-0236,ORD-0236,Debit Card,completed,2026-09-21,19347.28,INR
PAY-0237,ORD-0237,Credit Card,completed,2026-07-21,162.11,USD
PAY-0238,ORD-0238,Debit Card,completed,2026-08-21,157880.74,INR
PAY-0239,ORD-0239,UPI,completed,2026-09-19,5013.17,INR
PAY-0240,ORD-0240,Debit Card,completed,2026-09-23,1514.82,INR
PAY-0241,ORD-0241,Debit Card,completed,2026-09-13,1160.82,INR
PAY-0242,ORD-0242,Net Banking,completed,2026-07-22,12121.66,INR
PAY-0243,ORD-0243,Wire Transfer,completed,2026-10-10,704.86,USD
PAY-0244,ORD-0244,UPI,completed,2026-10-07,8994.02,INR
PAY-0245,ORD-0245,Debit Card,completed,2026-07-04,191.16,USD
PAY-0246,ORD-0246,Debit Card,completed,2026-10-11,63.72,USD
PAY-0247,ORD-0247,Debit Card,completed,2026-08-11,6538.1,USD
PAY-0248,ORD-0248,Credit Card,completed,2026-07-21,563.87,USD
PAY-0249,ORD-0249,Debit Card,failed,2026-10-28,2458.82,INR
PAY-0250,ORD-0250,UPI,completed,2026-09-18,5896.46,INR
PAY-0251,ORD-0251,Credit Card,completed,2026-09-22,106756.96,INR
PAY-0252,ORD-0252,Net Banking,completed,2026-08-09,2458.82,INR
PAY-0253,ORD-0253,Credit Card,completed,2026-07-21,12103.44,INR
PAY-0254,ORD-0254,Net Banking,completed,2026-08-19,6250.46,INR
PAY-0255,ORD-0255,Credit Card,completed,2026-10-01,4482.88,INR
PAY-0256,ORD-0256,Credit Card,completed,2026-09-27,408.24,USD
PAY-0257,ORD-0257,Credit Card,completed,2026-09-14,48.86,USD
PAY-0258,ORD-0258,Wire Transfer,pending,2026-07-06,1616.76,USD
PAY-0259,ORD-0259,Debit Card,completed,2026-09-27,53.6,USD
PAY-0260,ORD-0260,Credit Card,completed,2026-09-26,246.24,USD
PAY-0261,ORD-0261,Credit Card,completed,2026-08-04,5897.64,INR
PAY-0262,ORD-0262,Wire Transfer,failed,2026-09-02,264.71,USD
PAY-0263,ORD-0263,Debit Card,completed,2026-10-25,57.92,USD
PAY-0264,ORD-0264,Net Banking,completed,2026-08-19,15015.8,INR
PAY-0265,ORD-0265,Debit Card,completed,2026-08-01,108439.7,INR
PAY-0266,ORD-0266,Wire Transfer,completed,2026-09-19,807.84,USD
PAY-0267,ORD-0267,Credit Card,completed,2026-08-18,27223.96,INR
PAY-0268,ORD-0268,UPI,completed,2026-09-26,3892.82,INR
PAY-0269,ORD-0269,Net Banking,completed,2026-09-20,3087.29,INR
PAY-0270,ORD-0270,Debit Card,pending,2026-09-23,8965.76,INR
PAY-0271,ORD-0271,UPI,completed,2026-08-26,1376.88,INR
PAY-0272,ORD-0272,Debit Card,completed,2026-07-09,275354.18,INR
PAY-0273,ORD-0273,UPI,completed,2026-08-20,4482.88,INR
PAY-0274,ORD-0274,Net Banking,completed,2026-08-04,23002.92,INR
PAY-0275,ORD-0275,Wire Transfer,completed,2026-10-28,51.17,USD
PAY-0276,ORD-0276,Debit Card,completed,2026-09-12,264.71,USD
PAY-0277,ORD-0277,Credit Card,completed,2026-08-19,220.91,USD
PAY-0278,ORD-0278,Net Banking,completed,2026-08-25,9501.42,INR
PAY-0279,ORD-0279,Credit Card,completed,2026-10-19,53096.46,INR
PAY-0280,ORD-0280,Debit Card,completed,2026-09-13,587.95,USD
PAY-0281,ORD-0281,Credit Card,completed,2026-08-20,1160.82,INR
PAY-0282,ORD-0282,Wire Transfer,completed,2026-08-23,204.12,USD
PAY-0283,ORD-0283,UPI,completed,2026-09-26,883.58,INR
PAY-0284,ORD-0284,UPI,completed,2026-08-16,109147.64,INR
PAY-0285,ORD-0285,Debit Card,completed,2026-09-02,17933.76,INR
PAY-0286,ORD-0286,Credit Card,completed,2026-10-09,2222.82,INR
PAY-0287,ORD-0287,Credit Card,completed,2026-08-11,1160.82,INR
PAY-0288,ORD-0288,Wire Transfer,completed,2026-09-11,147.74,USD
PAY-0289,ORD-0289,Credit Card,completed,2026-08-21,245.16,USD
PAY-0290,ORD-0290,Net Banking,completed,2026-07-08,15366.08,INR
PAY-0291,ORD-0291,Credit Card,completed,2026-09-03,332.64,USD
PAY-0292,ORD-0292,Wire Transfer,completed,2026-10-01,121.07,USD
PAY-0293,ORD-0293,Debit Card,completed,2026-09-05,9791.64,INR
PAY-0294,ORD-0294,Credit Card,pending,2026-09-08,106.92,USD
PAY-0295,ORD-0295,Net Banking,completed,2026-08-16,188701.82,INR
PAY-0296,ORD-0296,Debit Card,completed,2026-08-03,7785.64,INR
PAY-0297,ORD-0297,Credit Card,completed,2026-09-09,20057.64,INR
PAY-0298,ORD-0298,Net Banking,completed,2026-08-18,8628.34,INR
PAY-0299,ORD-0299,Debit Card,completed,2026-09-26,154.01,USD
PAY-0300,ORD-0300,Credit Card,completed,2026-10-09,1175.04,USD
PAY-0301,ORD-0301,Debit Card,completed,2026-09-04,413.69,USD
PAY-0302,ORD-0302,UPI,completed,2026-08-12,4039.2,INR
PAY-0303,ORD-0303,Debit Card,completed,2026-08-02,534.11,USD
PAY-0304,ORD-0304,Net Banking,completed,2026-10-21,100888.88,INR
PAY-0305,ORD-0305,UPI,completed,2026-08-18,6132.46,INR
PAY-0306,ORD-0306,Debit Card,completed,2026-09-15,60.53,USD
PAY-0307,ORD-0307,Wire Transfer,completed,2026-08-27,18015.48,USD
PAY-0308,ORD-0308,Net Banking,completed,2026-08-01,3137.68,INR
PAY-0309,ORD-0309,Credit Card,completed,2026-10-05,6164.38,INR
PAY-0310,ORD-0310,Debit Card,completed,2026-08-02,1868.82,INR
PAY-0311,ORD-0311,UPI,completed,2026-10-07,12975.28,INR
PAY-0312,ORD-0312,Credit Card,completed,2026-08-02,107542.9,INR
PAY-0313,ORD-0313,Wire Transfer,completed,2026-08-21,268.92,USD
PAY-0314,ORD-0314,Debit Card,completed,2026-09-04,1840155.72,INR
PAY-0315,ORD-0315,Net Banking,completed,2026-09-21,7077.64,INR
PAY-0316,ORD-0316,Credit Card,pending,2026-08-24,659.38,INR
PAY-0317,ORD-0317,UPI,completed,2026-08-11,108557.64,INR
PAY-0318,ORD-0318,Debit Card,completed,2026-09-05,53.6,USD
PAY-0319,ORD-0319,Debit Card,failed,2026-09-07,3665.2,INR
PAY-0320,ORD-0320,Net Banking,completed,2026-07-26,1107.78,INR
PAY-0321,ORD-0321,Debit Card,completed,2026-10-28,674.08,USD
PAY-0322,ORD-0322,UPI,completed,2026-07-17,4482.88,INR
PAY-0323,ORD-0323,Debit Card,completed,2026-08-13,57.92,USD
PAY-0324,ORD-0324,Credit Card,completed,2026-10-05,6488.82,INR
PAY-0325,ORD-0325,Debit Card,completed,2026-08-14,9749.34,INR
PAY-0326,ORD-0326,Credit Card,completed,2026-10-15,92.34,USD
PAY-0327,ORD-0327,Debit Card,completed,2026-10-04,2116.68,INR
PAY-0328,ORD-0328,Net Banking,completed,2026-07-15,1868.82,INR
PAY-0329,ORD-0329,Debit Card,completed,2026-10-23,95819.72,INR
PAY-0330,ORD-0330,Wire Transfer,completed,2026-09-22,724.79,USD
PAY-0331,ORD-0331,Net Banking,completed,2026-08-17,2340.88,INR
PAY-0332,ORD-0332,UPI,completed,2026-08-12,17698.82,INR
PAY-0333,ORD-0333,Credit Card,completed,2026-10-27,24185.28,INR
PAY-0334,ORD-0334,Credit Card,completed,2026-09-14,26428.52,INR
PAY-0335,ORD-0335,Debit Card,completed,2026-10-25,6817.12,USD
PAY-0336,ORD-0336,Debit Card,completed,2026-08-24,19524.4,INR
PAY-0337,ORD-0337,Debit Card,completed,2026-09-20,8611.64,INR
PAY-0338,ORD-0338,Debit Card,completed,2026-08-16,101.57,USD
PAY-0339,ORD-0339,Debit Card,completed,2026-09-07,12977.64,INR
PAY-0340,ORD-0340,Wire Transfer,completed,2026-10-14,970.92,USD
PAY-0341,ORD-0341,Net Banking,completed,2026-09-21,20056.58,INR
PAY-0342,ORD-0342,Credit Card,completed,2026-07-13,65928.96,INR
PAY-0343,ORD-0343,Debit Card,completed,2026-09-02,294.84,USD
PAY-0344,ORD-0344,Credit Card,completed,2026-09-06,9436.46,INR
PAY-0345,ORD-0345,Credit Card,completed,2026-07-04,178.52,USD
PAY-0346,ORD-0346,Wire Transfer,completed,2026-08-25,127.44,USD
PAY-0347,ORD-0347,Debit Card,completed,2026-07-10,153.09,USD
PAY-0348,ORD-0348,UPI,completed,2026-09-16,3698.18,INR
PAY-0349,ORD-0349,UPI,completed,2026-08-18,4451.02,INR
PAY-0350,ORD-0350,Debit Card,completed,2026-09-27,2340.88,INR
PAY-0351,ORD-0351,UPI,completed,2026-09-23,1278.82,INR
PAY-0352,ORD-0352,Wire Transfer,completed,2026-10-27,255.47,USD
PAY-0353,ORD-0353,UPI,completed,2026-10-11,3698.18,INR
PAY-0354,ORD-0354,Debit Card,completed,2026-09-26,4718.82,INR
PAY-0355,ORD-0355,Debit Card,completed,2026-09-21,1120.45,USD
PAY-0356,ORD-0356,Credit Card,completed,2026-09-04,1444.08,INR
PAY-0357,ORD-0357,UPI,completed,2026-10-10,10086.76,INR
PAY-0358,ORD-0358,Wire Transfer,completed,2026-08-27,1098.36,USD
PAY-0359,ORD-0359,Credit Card,completed,2026-09-27,417.58,USD
PAY-0360,ORD-0360,Debit Card,completed,2026-08-26,41593.88,INR
PAY-0361,ORD-0361,Wire Transfer,completed,2026-08-02,1941.84,USD
PAY-0362,ORD-0362,Credit Card,failed,2026-07-26,538.92,USD
PAY-0363,ORD-0363,Wire Transfer,completed,2026-08-16,387.83,USD
PAY-0364,ORD-0364,UPI,completed,2026-07-24,3831.68,INR
PAY-0365,ORD-0365,Credit Card,completed,2026-09-03,17638.7,INR
PAY-0366,ORD-0366,UPI,completed,2026-08-09,22742.2,INR
PAY-0367,ORD-0367,Wire Transfer,completed,2026-08-11,1482.57,USD
PAY-0368,ORD-0368,Wire Transfer,completed,2026-07-13,268.92,USD
PAY-0369,ORD-0369,Wire Transfer,completed,2026-08-11,3116.88,USD
PAY-0370,ORD-0370,Debit Card,completed,2026-09-15,14288.37,INR
PAY-0371,ORD-0371,UPI,completed,2026-08-23,8965.76,INR
PAY-0372,ORD-0372,Debit Card,completed,2026-08-15,60.53,USD
PAY-0373,ORD-0373,Credit Card,completed,2026-10-11,48343.42,INR
PAY-0374,ORD-0374,UPI,completed,2026-08-11,18287.64,INR
PAY-0375,ORD-0375,Net Banking,completed,2026-09-23,169690.09,INR
PAY-0376,ORD-0376,Wire Transfer,completed,2026-09-02,1100.95,USD
PAY-0377,ORD-0377,Debit Card,failed,2026-08-20,3420.82,INR
PAY-0378,ORD-0378,UPI,completed,2026-10-14,34183.77,INR
PAY-0379,ORD-0379,Net Banking,completed,2026-07-18,9437.64,INR
PAY-0380,ORD-0380,Debit Card,completed,2026-09-13,53.6,USD
PAY-0381,ORD-0381,Credit Card,completed,2026-08-28,7412.04,USD
PAY-0382,ORD-0382,Net Banking,completed,2026-09-14,27137.64,INR
PAY-0383,ORD-0383,Debit Card,failed,2026-08-20,9438.82,INR
PAY-0384,ORD-0384,Debit Card,completed,2026-07-02,6841.7,INR
PAY-0385,ORD-0385,Debit Card,completed,2026-09-20,1219.88,INR
PAY-0386,ORD-0386,Debit Card,completed,2026-10-18,2458.82,INR
PAY-0387,ORD-0387,UPI,completed,2026-07-20,11605.82,INR
PAY-0388,ORD-0388,Credit Card,completed,2026-07-17,5897.64,INR
PAY-0389,ORD-0389,Credit Card,completed,2026-08-06,3359.64,INR
PAY-0390,ORD-0390,Debit Card,completed,2026-10-25,301.64,USD
PAY-0391,ORD-0391,Debit Card,completed,2026-08-13,213.84,USD
PAY-0392,ORD-0392,UPI,completed,2026-07-28,12977.64,INR
PAY-0393,ORD-0393,Credit Card,completed,2026-08-09,3302.82,INR
PAY-0394,ORD-0394,Net Banking,completed,2026-09-06,1444.08,INR
PAY-0395,ORD-0395,UPI,completed,2026-09-09,87210.67,INR
PAY-0396,ORD-0396,Debit Card,completed,2026-10-23,922.37,USD
PAY-0397,ORD-0397,Credit Card,completed,2026-08-03,268.92,USD
PAY-0398,ORD-0398,UPI,completed,2026-09-07,1107.78,INR
PAY-0399,ORD-0399,UPI,completed,2026-09-04,1219.88,INR
PAY-0400,ORD-0400,Net Banking,completed,2026-09-09,3137.68,INR
PAY-0401,ORD-0401,Debit Card,completed,2026-10-25,51.17,USD
PAY-0402,ORD-0402,Debit Card,completed,2026-09-12,1160.82,INR
PAY-0403,ORD-0403,Credit Card,completed,2026-08-02,73587.16,INR
PAY-0404,ORD-0404,Debit Card,completed,2026-08-24,57.92,USD
PAY-0405,ORD-0405,Credit Card,completed,2026-07-11,123716.92,INR
PAY-0406,ORD-0406,UPI,completed,2026-07-05,212397.64,INR
PAY-0407,ORD-0407,Credit Card,completed,2026-07-10,51985.25,INR
PAY-0408,ORD-0408,Credit Card,completed,2026-10-24,1535.92,USD
PAY-0409,ORD-0409,Credit Card,completed,2026-09-11,1667.16,INR
PAY-0410,ORD-0410,Credit Card,pending,2026-10-02,151.85,USD
PAY-0411,ORD-0411,Debit Card,completed,2026-09-19,3537.64,INR
PAY-0412,ORD-0412,Debit Card,completed,2026-09-06,6488.82,INR
PAY-0413,ORD-0413,UPI,completed,2026-07-08,12972.92,INR
PAY-0414,ORD-0414,Net Banking,completed,2026-10-22,7453.06,INR
PAY-0415,ORD-0415,Debit Card,completed,2026-10-16,51.17,USD
PAY-0416,ORD-0416,Credit Card,completed,2026-09-11,139.32,USD
PAY-0417,ORD-0417,Credit Card,completed,2026-07-19,5826.96,INR
PAY-0418,ORD-0418,Debit Card,completed,2026-09-09,886392.4,INR
PAY-0419,ORD-0419,Net Banking,completed,2026-08-10,13331.64,INR
PAY-0420,ORD-0420,Credit Card,completed,2026-10-07,10617.64,INR
PAY-0421,ORD-0421,Net Banking,completed,2026-10-14,4482.88,INR
PAY-0422,ORD-0422,Credit Card,failed,2026-09-04,6164.38,INR
PAY-0423,ORD-0423,UPI,completed,2026-08-08,2222.82,INR
PAY-0424,ORD-0424,UPI,completed,2026-09-05,4245.64,INR
PAY-0425,ORD-0425,Credit Card,completed,2026-09-17,3249.78,INR
PAY-0426,ORD-0426,Debit Card,completed,2026-07-11,1749.64,INR
PAY-0427,ORD-0427,Debit Card,completed,2026-09-02,193.91,USD
PAY-0428,ORD-0428,Wire Transfer,completed,2026-07-16,578.88,USD
PAY-0429,ORD-0429,Debit Card,completed,2026-08-03,3420.82,INR
PAY-0430,ORD-0430,Debit Card,completed,2026-08-22,49880.13,INR
PAY-0431,ORD-0431,Wire Transfer,completed,2026-07-06,316.01,USD
PAY-0432,ORD-0432,Debit Card,completed,2026-07-12,7608.7,INR
PAY-0433,ORD-0433,Debit Card,completed,2026-08-21,174203.05,INR
PAY-0434,ORD-0434,Wire Transfer,completed,2026-08-06,51.17,USD
PAY-0435,ORD-0435,UPI,completed,2026-08-04,4718.82,INR
PAY-0436,ORD-0436,Net Banking,completed,2026-10-05,17698.82,INR
PAY-0437,ORD-0437,Wire Transfer,completed,2026-10-11,373.68,USD
PAY-0438,ORD-0438,UPI,completed,2026-08-04,9411.92,INR
PAY-0439,ORD-0439,Debit Card,completed,2026-09-07,92.34,USD
PAY-0440,ORD-0440,Net Banking,completed,2026-10-17,2340.88,INR
PAY-0441,ORD-0441,Credit Card,completed,2026-10-12,6488.82,INR
PAY-0442,ORD-0442,Credit Card,completed,2026-09-14,170.64,USD
PAY-0443,ORD-0443,Net Banking,completed,2026-09-05,4481.76,INR
PAY-0444,ORD-0444,Net Banking,completed,2026-09-09,1219.88,INR
PAY-0445,ORD-0445,Debit Card,pending,2026-08-16,9973.54,INR
PAY-0446,ORD-0446,Wire Transfer,completed,2026-08-21,85.32,USD
PAY-0447,ORD-0447,UPI,completed,2026-07-25,27489.28,INR
PAY-0448,ORD-0448,Credit Card,completed,2026-09-01,5308.82,INR
PAY-0449,ORD-0449,Credit Card,completed,2026-07-12,13330.46,INR
PAY-0450,ORD-0450,Credit Card,completed,2026-09-28,10262.46,INR
PAY-0451,ORD-0451,Wire Transfer,completed,2026-09-06,132.35,USD
PAY-0452,ORD-0452,UPI,completed,2026-09-23,4258.74,INR
PAY-0453,ORD-0453,UPI,completed,2026-08-12,227576.62,INR
PAY-0454,ORD-0454,Net Banking,completed,2026-07-25,4482.88,INR
PAY-0455,ORD-0455,Credit Card,completed,2026-08-03,1107.78,INR
PAY-0456,ORD-0456,Credit Card,completed,2026-08-03,13449.76,INR
PAY-0457,ORD-0457,UPI,completed,2026-07-27,1376.88,INR
PAY-0458,ORD-0458,Debit Card,completed,2026-07-07,18830.56,INR
PAY-0459,ORD-0459,Credit Card,completed,2026-10-14,922.37,USD
PAY-0460,ORD-0460,Debit Card,completed,2026-09-16,17821.66,INR
PAY-0461,ORD-0461,Net Banking,completed,2026-10-08,17037.06,INR
PAY-0462,ORD-0462,UPI,completed,2026-08-01,4482.88,INR
PAY-0463,ORD-0463,Debit Card,completed,2026-08-23,203.15,USD
PAY-0464,ORD-0464,Wire Transfer,completed,2026-07-27,213.84,USD
PAY-0465,ORD-0465,Net Banking,completed,2026-08-22,193325.12,INR
PAY-0466,ORD-0466,Wire Transfer,completed,2026-10-13,60.53,USD
PAY-0467,ORD-0467,UPI,completed,2026-10-26,106198.82,INR
PAY-0468,ORD-0468,Credit Card,completed,2026-07-14,2948.82,INR
PAY-0469,ORD-0469,Net Banking,completed,2026-09-28,6499.56,INR
PAY-0470,ORD-0470,Net Banking,completed,2026-09-19,883.58,INR
PAY-0471,ORD-0471,UPI,completed,2026-08-10,1160.82,INR
PAY-0472,ORD-0472,Debit Card,completed,2026-09-13,1514.82,INR
PAY-0473,ORD-0473,Net Banking,completed,2026-10-03,168116.37,INR
PAY-0474,ORD-0474,Wire Transfer,completed,2026-09-19,81.05,USD
PAY-0475,ORD-0475,Credit Card,completed,2026-08-17,2961.36,USD
PAY-0476,ORD-0476,UPI,completed,2026-08-10,1107.78,INR
PAY-0477,ORD-0477,Debit Card,completed,2026-08-19,2222.82,INR
PAY-0478,ORD-0478,Wire Transfer,completed,2026-09-07,53.6,USD
PAY-0479,ORD-0479,Net Banking,completed,2026-10-19,215700.46,INR
PAY-0480,ORD-0480,Debit Card,completed,2026-09-02,60.53,USD
PAY-0481,ORD-0481,Credit Card,completed,2026-10-03,4717.64,INR
PAY-0482,ORD-0482,Credit Card,failed,2026-08-27,397.06,USD
PAY-0483,ORD-0483,Credit Card,completed,2026-08-05,1408.75,USD
PAY-0484,ORD-0484,Wire Transfer,completed,2026-10-14,1965.82,USD
PAY-0485,ORD-0485,Wire Transfer,completed,2026-10-17,537.84,USD
PAY-0486,ORD-0486,Credit Card,completed,2026-07-26,107259.64,INR
PAY-0487,ORD-0487,Credit Card,completed,2026-10-15,10558.7,INR
PAY-0488,ORD-0488,Credit Card,completed,2026-10-05,455.87,USD
PAY-0489,ORD-0489,Wire Transfer,completed,2026-10-08,53.6,USD
PAY-0490,ORD-0490,Net Banking,completed,2026-10-13,15216.1,INR
PAY-0491,ORD-0491,Net Banking,failed,2026-09-26,688.82,INR
PAY-0492,ORD-0492,UPI,completed,2026-09-27,12328.76,INR
PAY-0493,ORD-0493,Net Banking,completed,2026-09-27,3302.82,INR
PAY-0494,ORD-0494,Wire Transfer,completed,2026-10-05,193.91,USD
PAY-0495,ORD-0495,Credit Card,completed,2026-10-25,139.32,USD
PAY-0496,ORD-0496,Credit Card,completed,2026-09-27,2222.82,INR
PAY-0497,ORD-0497,UPI,completed,2026-10-07,22742.2,INR
PAY-0498,ORD-0498,Debit Card,completed,2026-07-17,439.56,USD
PAY-0499,ORD-0499,Credit Card,completed,2026-09-07,6132.46,INR
PAY-0500,ORD-0500,Net Banking,completed,2026-09-15,2221.64,INR
PAY-0501,ORD-0501,UPI,completed,2026-09-09,1160.82,INR
PAY-0502,ORD-0502,Debit Card,failed,2026-09-05,268.92,USD
PAY-0503,ORD-0503,Debit Card,completed,2026-07-11,204.12,USD
PAY-0504,ORD-0504,Net Banking,completed,2026-10-10,17933.76,INR
PAY-0505,ORD-0505,Credit Card,completed,2026-08-16,408.24,USD
PAY-0506,ORD-0506,UPI,failed,2026-07-06,1868.82,INR
PAY-0507,ORD-0507,Credit Card,completed,2026-09-23,3249.78,INR
PAY-0508,ORD-0508,Credit Card,completed,2026-08-06,4145.46,INR
PAY-0509,ORD-0509,Debit Card,completed,2026-07-25,4718.82,INR
PAY-0510,ORD-0510,Debit Card,completed,2026-09-04,268.92,USD
PAY-0511,ORD-0511,Debit Card,completed,2026-07-02,11430.84,INR
PAY-0512,ORD-0512,UPI,completed,2026-09-18,2801.38,INR
PAY-0513,ORD-0513,UPI,completed,2026-10-10,219474.1,INR
PAY-0514,ORD-0514,Debit Card,completed,2026-09-16,3698.18,INR
PAY-0515,ORD-0515,Net Banking,completed,2026-09-14,3182.46,INR
PAY-0516,ORD-0516,UPI,completed,2026-09-03,135004.27,INR
PAY-0517,ORD-0517,UPI,completed,2026-09-17,1160.82,INR
PAY-0518,ORD-0518,Debit Card,completed,2026-07-24,100888.88,INR
PAY-0519,ORD-0519,Debit Card,completed,2026-09-25,23242.58,INR
PAY-0520,ORD-0520,Wire Transfer,completed,2026-07-18,85.32,USD
