id,category,question,difficulty,should_answer,should_refuse
TC-A01,Basic Analytics,What was the total gross recognized revenue in INR from completed orders in September 2026?,Easy,True,False
TC-A02,Basic Analytics,How many unique customers placed at least one order across the entire dataset?,Easy,True,False
TC-A03,Basic Analytics,What is the Average Order Value (AOV) in USD for completed orders?,Easy,True,False
TC-A04,Basic Analytics,How many total orders were placed through the 'Mobile App' sales channel?,Easy,True,False
TC-A05,Basic Analytics,Which product ID had the highest total quantity sold across completed orders?,Medium,True,False
TC-A06,Basic Analytics,How many refund transactions have been successfully processed?,Easy,True,False
TC-B01,Multi-Table Reasoning,Which customer segment generated the highest net revenue in INR (gross recognized revenue minus processed refunds)?,Hard,True,False
TC-B02,Multi-Table Reasoning,Which product category generated the highest total line revenue in USD from completed orders?,Medium,True,False
TC-B03,Multi-Table Reasoning,Which geographical region in India had the highest count of completed orders?,Medium,True,False
TC-B04,Multi-Table Reasoning,What is the total value in INR of processed refunds originated from payments made via 'UPI'?,Medium,True,False
TC-B05,Multi-Table Reasoning,How many distinct customers have received at least one processed refund?,Medium,True,False
TC-B06,Multi-Table Reasoning,What was the total Cost of Goods Sold (COGS) in INR for all completed orders?,Hard,True,False
TC-C01,Data Quality,How many duplicate order header rows (same order_id) exist in messy orders.csv?,Easy,True,False
TC-C02,Data Quality,How many duplicate payment records exist in messy payments.csv?,Easy,True,False
TC-C03,Data Quality,How many order records in messy orders.csv reference customer IDs that do not exist in customers.csv?,Medium,True,False
TC-C04,Data Quality,How many order item records in messy order_items.csv reference product IDs that do not exist in products.csv?,Medium,True,False
TC-C05,Data Quality,How many customer records in messy customers.csv have a missing or null region?,Easy,True,False
TC-C06,Data Quality,How many order item lines in messy order_items.csv contain an invalid negative unit price?,Easy,True,False
TC-D01,Advanced Analytics,What is the refund rate percentage in INR (total processed refunds divided by gross recognized revenue multiplied by 100)?,Hard,True,False
TC-D02,Advanced Analytics,Which customer ID has generated the highest Customer Lifetime Value (net revenue in INR) across all completed orders?,Hard,True,False
TC-D03,Advanced Analytics,What was the month-over-month net revenue growth percentage in INR from September 2026 to October 2026?,Hard,True,False
TC-D04,Advanced Analytics,Which product category generated the highest gross profit in INR from completed orders?,Hard,True,False
TC-D05,Advanced Analytics,What percentage of all placed orders were cancelled?,Medium,True,False
TC-D06,Advanced Analytics,What was the overall gross product margin percentage across completed INR orders?,Hard,True,False
TC-E01,Ambiguous Questions,What was the total revenue on 03/04/2026?,Medium,False,True
TC-E02,Ambiguous Questions,What were the total sales for NovaCart?,Medium,False,True
TC-E03,Ambiguous Questions,Which location has the most sales?,Medium,False,True
TC-E04,Ambiguous Questions,What was the total order volume in Q3?,Medium,False,True
TC-E05,Ambiguous Questions,Who is NovaCart's best customer?,Medium,False,True
TC-E06,Ambiguous Questions,What was total company revenue converted to EUR?,Hard,False,True
TC-F01,Unanswerable Questions,What was NovaCart's Return on Ad Spend (ROAS) in September 2026?,Easy,False,True
TC-F02,Unanswerable Questions,What was the total net profit generated by product PROD-0003 in the messy catalog?,Medium,False,True
TC-F03,Unanswerable Questions,What is the combined worldwide gross revenue in INR if no exchange rate assumptions are permitted?,Medium,False,True
TC-F04,Unanswerable Questions,How much sales commission is owed to representative Priya Patel for corporate deals?,Easy,False,True
TC-F05,Unanswerable Questions,What were the total inventory carrying and warehousing costs for October 2026?,Easy,False,True
TC-F06,Unanswerable Questions,What was the website checkout conversion rate (visitors to completed purchases) in September 2026?,Easy,False,True
