payment_id,order_id,amount,currency,gateway,settled_at
PAY-1001,ORD-8901,14200.0,INR,Razorpay,2026-09-02T10:14:00Z
PAY-1002,ORD-8902,102.5,USD,Stripe,2026-09-03T11:20:00Z
PAY-1003,ORD-8903,42000.0,INR,BankTransfer,2026-09-05T14:05:00Z
PAY-1004,ORD-8904,73.5,USD,Stripe,2026-09-08T09:30:00Z
PAY-1005,ORD-8905,19500.0,INR,Razorpay,2026-09-10T16:45:00Z
PAY-1006,ORD-8906,3200.0,INR,Razorpay,2026-09-12T12:10:00Z
PAY-1007,ORD-8908,137.3,USD,Stripe,2026-09-16T18:20:00Z
PAY-1008,ORD-8909,26000.0,INR,Razorpay,2026-09-19T13:40:00Z
PAY-1009,ORD-8910,65.0,USD,Stripe,2026-09-22T15:15:00Z
PAY-1010,ORD-8911,15000.0,INR,BankTransfer,2026-09-25T11:00:00Z
PAY-1011,ORD-8912,112.0,USD,Stripe,2026-09-28T17:50:00Z

