order_id,customer_id,order_date,currency,channel,order_status,subtotal_amount,discount_amount,tax_amount,shipping_fee,total_amount
ORD-0001,CUST-0096,2026-07-22,INR,Mobile App,delivered,3799.05,0.0,683.83,0.0,4482.88
ORD-0002,CUST-0103,2026-10-25,INR,Web Direct,shipped,2374.05,0.0,427.33,0.0,2801.38
ORD-0003,CUST-0150,2026-09-08,USD,B2B Portal,delivered,3293.0,0.0,263.44,0.0,3556.44
ORD-0004,CUST-0037,2026-09-11,INR,Web Direct,confirmed,3997.0,0.0,719.46,0.0,4716.46
ORD-0005,CUST-0106,08/09/2026,INR,Web Direct,cancelled,85499.05,0.0,15389.83,0.0,100888.88
ORD-0006,CUST-0027,2026-08-27,INR,Mobile App,shipped,3999.0,0.0,719.82,0.0,4718.82
ORD-0007,CUST-0028,2026-08-25,INR,Mobile App,delivered,699.0,0.0,125.82,100.0,924.82
ORD-0008,CUST-0123,2026-09-05,INR,Web Direct,delivered,1799.0,0.0,323.82,100.0,2222.82
ORD-0009,CUST-0136,2026-09-02,USD,Web Direct,delivered,59.0,2.95,4.48,0.0,60.53
ORD-0010,CUST-0160,12/09/2026,USD,Mobile App,delivered,998.0,0.0,79.84,0.0,1077.84
ORD-0011,CUST-0056,2026-07-04,INR,Marketplace,delivered,6171.2,308.56,1055.28,0.0,6917.92
ORD-0012,CUST-0047,2026-09-12,INR,Web Direct,delivered,14999.0,0.0,2699.82,0.0,17698.82
ORD-0013,CUST-0023,2026-08-28,INR,Mobile App,delivered,21746.05,1087.3,3718.57,0.0,24377.32
ORD-0014,CUST-0093,2026-09-03,INR,Web Direct,delivered,1798.0,0.0,323.64,100.0,2221.64
ORD-0015,CUST-0059,2026-09-12,INR,Web Direct,shipped,5397.0,0.0,971.46,0.0,6368.46
ORD-0016,CUST-0058,2026-08-10,INR,Marketplace,confirmed,4998.0,0.0,899.64,0.0,5897.64
ORD-0017,CUST-0176,2026-10-20,USD,Web Direct,delivered,99.0,0.0,7.92,0.0,106.92
ORD-0018,CUST-0068,2026-07-12,INR,Mobile App,delivered,5499.0,0.0,989.82,0.0,6488.82
ORD-0019,CUST-0045,12/10/2026,INR,Marketplace,delivered,3299.0,0.0,593.82,0.0,3892.82
ORD-0020,CUST-0036,2026-09-06,INR,Marketplace,shipped,2698.0,0.0,485.64,0.0,3183.64
ORD-0021,CUST-0020,2026-08-25,INR,Web Direct,cancelled,4499.0,224.95,769.33,0.0,"₹5,043.38"
ORD-0022,CUST-0043,2026-10-01,INR,Web Direct,delivered,1799.0,89.95,307.63,100.0,2116.68 INR
ORD-0023,CUST-0033,2026-10-21,INR,Web Direct,delivered,3999.0,0.0,719.82,0.0,4718.82
ORD-0024,CUST-0007,2026-07-03,INR,Web Direct,delivered,1799.0,0.0,323.82,100.0,2222.82
ORD-0025,CUST-0109,2026-07-08,INR,Web Direct,delivered,16247.05,812.35,2778.25,0.0,18212.95
ORD-0026,CUST-0131,2026-08-01,USD,Mobile App,returned,59.0,2.95,4.48,0.0,60.53
ORD-0027,CUST-0094,2026-10-02,INR,Mobile App,delivered,10496.05,0.0,1889.29,0.0,12385.34
ORD-0028,CUST-0003,11/08/2026,INR,Marketplace,delivered,2998.0,0.0,539.64,0.0,3537.64
ORD-0029,CUST-0180,2026-08-26,USD,B2B Portal,delivered,2418.0,0.0,193.44,0.0,2611.44
ORD-0030,CUST-0196,2026-08-25,USD,Web Direct,cancelled,148.0,0.0,11.84,0.0,159.84
ORD-0031,CUST-0074,2026-10-16,INR,Mobile App,delivered,1398.0,69.9,239.06,100.0,1667.16
ORD-0032,CUST-0115,2026-10-18,INR,Web Direct,delivered,89999.0,0.0,16199.82,0.0,106198.82
ORD-0033,CUST-0194,2026-08-02,USD,Mobile App,delivered,1647.0,0.0,131.76,0.0,1778.76
ORD-0034,CUST-0152,2026-10-05,USD,Marketplace,cancelled,101.05,0.0,8.08,0.0,109.13
ORD-0035,CUST-0194,2026-09-22,USD,Web Direct,delivered,94.05,4.7,7.15,0.0,96.5
ORD-0036,CUST-0026,2026-08-04,INR,Web Direct,shipped,14999.0,749.95,2564.83,0.0,16813.88
ORD-0037,CUST-0032,2026-09-07,INR,B2B Portal,delivered,8998.0,449.9,1538.66,0.0,10086.76
ORD-0038,CUST-0019,2026-09-03,INR,Marketplace,delivered,28495.0,0.0,5129.1,0.0,33624.1
ORD-0039,CUST-0010,2026-09-04,INR,B2B Portal,returned,16798.0,0.0,3023.64,0.0,19821.64
ORD-0040,CUST-0013,2026-08-23,INR,Mobile App,confirmed,5798.0,289.9,991.46,0.0,6499.56
ORD-0041,CUST-0091,2026-09-15,INR,Mobile App,delivered,699.0,0.0,125.82,100.0,924.82
ORD-0042,CUST-0001,2026-10-02,INR,Marketplace,delivered,2374.05,0.0,427.33,0.0,2801.38
ORD-0043,CUST-0095,2026-08-21,INR,B2B Portal,delivered,3299.0,164.95,564.13,0.0,3698.18
ORD-0044,CUST-0011,2026-09-20,INR,Web Direct,delivered,8996.0,0.0,1619.28,0.0,10615.28
ORD-0045,CUST-0086,2026-09-10,INR,Mobile App,delivered,4499.0,0.0,809.82,0.0,5308.82
ORD-0046,CUST-0022,2026-09-15,INR,Web Direct,shipped,4498.0,0.0,809.64,0.0,5307.64
ORD-0047,CUST-0065,2026-09-04,INR,Web Direct,shipped,699.0,34.95,119.53,100.0,883.58
ORD-0048,CUST-0200,2026-10-28,USD,Mobile App,delivered,1708.1,0.0,136.65,0.0,1844.75
ORD-0049,CUST-0107,2026-08-17,INR,Mobile App,delivered,3353.05,0.0,603.55,0.0,3956.6
ORD-0050,CUST-0159,2026-09-28,USD,Web Direct,confirmed,45.0,0.0,3.6,5.0,53.6
ORD-0051,CUST-9999,2026-09-07,INR,Web Direct,delivered,89999.0,0.0,16199.82,0.0,106198.82
ORD-0052,CUST-0025,2026-07-12,INR,B2B Portal,delivered,211250.3,0.0,38025.05,0.0,249275.35
ORD-0053,CUST-0186,2026-10-05,USD,Web Direct,delivered,238.0,11.9,18.09,0.0,244.19
ORD-0054,CUST-0097,2026-09-10,INR,Mobile App,delivered,1424.05,0.0,256.33,100.0,1780.38
ORD-0055,CUST-0082,2026-08-21,INR,Mobile App,delivered,3638.05,0.0,654.85,0.0,4292.9
ORD-0056,CUST-0193,2026-09-02,USD,B2B Portal,delivered,8519.55,0.0,681.56,0.0,9201.11
ORD-0057,CUST-0129,2026-10-28,INR,Marketplace,delivered,3798.0,189.9,649.46,0.0,4257.56
ORD-0058,CUST-0096,2026-08-18,INR,Web Direct,delivered,5598.0,0.0,1007.64,0.0,6605.64
ORD-0059,CUST-0144,2026-08-18,USD,Web Direct,cancelled,1325.0,0.0,106.0,0.0,1431.0
ORD-0060,CUST-0025,2026-08-04,INR,B2B Portal,delivered,208534.0,0.0,37536.12,0.0,246070.12
ORD-0061,CUST-0041,2026-09-05,INR,Web Direct,shipped,6372.05,0.0,1146.97,0.0,7519.02
ORD-0062,CUST-0083,2026-09-04,INR,B2B Portal,returned,137465.0,0.0,24743.7,0.0,162208.7
ORD-0063,CUST-0156,2026-10-03,USD,Mobile App,confirmed,49.0,2.45,3.72,5.0,55.27
ORD-0064,CUST-0157,2026-09-27,USD,Web Direct,delivered,1381.0,69.05,104.96,0.0,1416.91
ORD-0065,CUST-0044,2026-09-11,INR,Web Direct,shipped,22656.05,1132.8,3874.18,0.0,25397.43
ORD-0066,CUST-0010,2026-09-23,INR,Web Direct,delivered,9396.1,0.0,1691.3,0.0,11087.4
ORD-0067,CUST-0010,2026-07-22,INR,Web Direct,delivered,7797.0,0.0,1403.46,0.0,9200.46
ORD-0068,CUST-0071,2026-08-08,INR,Web Direct,delivered,14999.0,0.0,2699.82,0.0,17698.82
ORD-0069,CUST-0110,2026-09-10,INR,Web Direct,returned,2997.0,0.0,539.46,0.0,3536.46
ORD-0070,CUST-0063,2026-10-26,INR,Mobile App,shipped,2799.0,0.0,503.82,0.0,3302.82
ORD-0071,CUST-0111,2026-09-12,INR,Web Direct,delivered,1999.0,0.0,359.82,100.0,3500000.0
ORD-0072,CUST-0109,2026-10-15,INR,Web Direct,delivered,2754.05,0.0,495.73,0.0,3249.78
ORD-0073,CUST-0009,2026-09-19,INR,Web Direct,delivered,29998.0,0.0,5399.64,0.0,35397.64
ORD-0074,CUST-0157,2026-07-12,USD,Mobile App,returned,499.0,24.95,37.92,0.0,511.97
ORD-0075,CUST-0051,2026-09-25,INR,Web Direct,cancelled,93998.0,0.0,16919.64,0.0,110917.64
ORD-0076,CUST-0007,2026-08-22,INR,B2B Portal,shipped,10498.0,0.0,1889.64,0.0,12387.64
ORD-0077,CUST-0192,2026-10-25,USD,Web Direct,delivered,49.0,0.0,3.92,5.0,57.92
ORD-0078,CUST-0151,2026-08-07,USD,B2B Portal,placed,308.0,0.0,24.64,0.0,332.64
ORD-0079,CUST-0028,2026-07-20,INR,Web Direct,delivered,664.05,0.0,119.53,100.0,883.58
ORD-0080,CUST-0100,2026-10-25,INR,B2B Portal,delivered,99549.0,0.0,17918.82,0.0,117467.82
ORD-0081,CUST-0081,2026-07-12,INR,B2B Portal,delivered,3897.05,0.0,701.47,0.0,4598.52
ORD-0082,CUST-0161,2026-08-28,USD,Mobile App,delivered,355.0,17.75,26.98,0.0,364.23
ORD-0083,CUST-0166,2026-07-15,USD,Marketplace,delivered,75.05,0.0,6.0,0.0,81.05
ORD-0084,CUST-0142,2026-09-28,USD,Marketplace,delivered,118.0,0.0,9.44,0.0,127.44
ORD-0085,CUST-0081,2026-09-08,INR,Mobile App,delivered,3798.0,0.0,683.64,0.0,4481.64
ORD-0086,CUST-0016,2026-09-16,INR,Mobile App,confirmed,2898.0,0.0,521.64,0.0,3419.64
ORD-0087,CUST-0167,2026-09-01,USD,Web Direct,delivered,273.0,0.0,21.84,0.0,294.84
ORD-0088,CUST-0194,2026-10-16,USD,B2B Portal,delivered,1764.15,0.0,141.13,0.0,1905.28
ORD-0089,CUST-0169,2026-10-17,USD,Web Direct,delivered,1116.0,55.8,84.82,0.0,1145.02
ORD-0090,CUST-0114,2026-09-12,INR,Web Direct,delivered,11797.05,0.0,2123.47,0.0,13920.52
ORD-0091,CUST-0051,2026-08-10,INR,Web Direct,shipped,8007.1,400.36,1369.21,0.0,8975.95
ORD-0092,CUST-0114,2026-09-09,INR,Marketplace,delivered,1999.0,0.0,359.82,100.0,2458.82
ORD-0093,CUST-0005,2026-10-03,INR,Mobile App,placed,172997.1,8649.86,29582.5,0.0,193929.74
ORD-0094,CUST-0021,2026-07-28,INR,B2B Portal,delivered,144659.0,0.0,26038.62,0.0,170697.62
ORD-0095,CUST-0114,2026-10-01,INR,B2B Portal,confirmed,6598.0,0.0,1187.64,0.0,7785.64
ORD-0096,CUST-0021,2026-09-19,INR,B2B Portal,delivered,188835.8,9441.79,32290.92,0.0,211684.93
ORD-0097,CUST-0025,2026-08-21,INR,B2B Portal,delivered,1944646.2,0.0,350036.32,0.0,2294682.52
ORD-0098,CUST-0104,2026-08-04,INR,Web Direct,shipped,6222.05,0.0,1119.97,0.0,7342.02
ORD-0099,CUST-0083,2026-08-03,INR,B2B Portal,delivered,87496.85,0.0,15749.43,0.0,103246.28
ORD-0100,CUST-0032,2026-08-05,INR,Web Direct,delivered,3999.0,199.95,683.83,0.0,4482.88
ORD-0101,CUST-0092,2026-09-20,INR,Web Direct,delivered,499.0,0.0,89.82,100.0,688.82
ORD-0102,CUST-0128,2026-09-27,INR,Marketplace,delivered,96896.0,0.0,17441.28,0.0,114337.28
ORD-0103,CUST-0052,2026-10-11,INR,B2B Portal,delivered,164439.8,0.0,29599.16,0.0,194038.96
ORD-0104,CUST-0097,2026-10-14,INR,Mobile App,delivered,1999.0,0.0,359.82,100.0,2458.82
ORD-0105,CUST-0027,2026-09-26,INR,B2B Portal,delivered,13746.1,0.0,2474.3,0.0,16220.4
ORD-0106,CUST-0189,2026-07-21,USD,Mobile App,placed,258.0,0.0,20.64,0.0,278.64
ORD-0107,CUST-0163,2026-08-24,USD,Mobile App,delivered,79.0,3.95,6.0,0.0,81.05
ORD-0108,CUST-0077,2026-09-12,INR,B2B Portal,delivered,3999.0,199.95,683.83,0.0,4482.88
ORD-0109,CUST-0121,2026-08-26,INR,Web Direct,delivered,999.0,0.0,179.82,100.0,1278.82
ORD-0110,CUST-0066,2026-09-22,INR,Marketplace,delivered,13997.0,699.85,2393.49,0.0,15690.64
ORD-0111,CUST-0009,2026-09-13,INR,Web Direct,delivered,10498.0,0.0,1889.64,0.0,12387.64
ORD-0112,CUST-0071,2026-10-18,INR,Web Direct,delivered,899.0,0.0,161.82,100.0,1160.82
ORD-0113,CUST-0185,2026-09-19,USD,Web Direct,delivered,75.05,0.0,6.0,0.0,81.05
ORD-0114,CUST-0133,2026-09-11,USD,Web Direct,delivered,79.0,0.0,6.32,0.0,85.32
ORD-0115,CUST-0063,2026-09-16,INR,Mobile App,delivered,5498.0,274.9,940.16,0.0,6163.26
ORD-0116,CUST-0168,2026-10-01,USD,B2B Portal,delivered,6125.0,0.0,490.0,0.0,6615.0
ORD-0117,CUST-0087,2026-10-08,INR,Web Direct,delivered,1899.05,0.0,341.83,100.0,2340.88
ORD-0118,CUST-0079,2026-07-04,INR,Web Direct,delivered,13497.0,0.0,2429.46,0.0,15926.46
ORD-0119,CUST-0010,2026-10-04,INR,Mobile App,shipped,2998.0,0.0,539.64,0.0,3537.64
ORD-0120,CUST-0082,2026-10-08,INR,Web Direct,delivered,3798.0,0.0,683.64,0.0,4481.64
ORD-0121,CUST-0140,2026-09-18,USD,Web Direct,delivered,49.0,2.45,3.72,5.0,55.27
ORD-0122,CUST-0089,2026-09-22,INR,Marketplace,delivered,7998.0,399.9,1367.66,0.0,8965.76
ORD-0123,CUST-0184,2026-07-05,USD,Mobile App,delivered,1927.0,0.0,154.16,0.0,2081.16
ORD-0124,CUST-0114,2026-09-12,INR,Mobile App,shipped,699.0,0.0,125.82,100.0,924.82
ORD-0125,CUST-0084,2026-09-23,INR,Web Direct,delivered,14999.0,0.0,2699.82,0.0,17698.82
ORD-0126,CUST-0185,2026-08-18,USD,Mobile App,confirmed,899.0,0.0,71.92,0.0,970.92
ORD-0127,CUST-0148,2026-09-27,USD,Mobile App,placed,1798.0,89.9,136.65,0.0,1844.75
ORD-0128,CUST-0173,2026-08-23,USD,Marketplace,shipped,274.5,0.0,21.96,0.0,296.46
ORD-0129,CUST-0059,2026-10-06,INR,Web Direct,delivered,6123.05,306.15,1047.04,0.0,6863.94
ORD-0130,CUST-0046,2026-08-22,INR,Web Direct,delivered,1139.05,0.0,205.03,100.0,1444.08
ORD-0131,CUST-0027,2026-07-12,INR,Marketplace,returned,15998.0,799.9,2735.66,0.0,17933.76
ORD-0132,CUST-0056,2026-09-06,INR,Web Direct,delivered,1638.05,81.9,280.11,100.0,1936.26
ORD-0133,CUST-0165,2026-07-04,USD,Mobile App,delivered,567.0,28.35,43.09,0.0,581.74
ORD-0134,CUST-0006,2026-09-24,INR,Mobile App,delivered,5098.0,0.0,917.64,0.0,6015.64
ORD-0135,CUST-0044,2026-07-26,INR,B2B Portal,delivered,14999.0,0.0,2699.82,0.0,17698.82
ORD-0136,CUST-0011,2026-10-05,INR,Web Direct,confirmed,6798.0,0.0,1223.64,0.0,8021.64
ORD-0137,CUST-0031,2026-07-07,INR,Web Direct,delivered,5798.0,0.0,1043.64,0.0,6841.64
ORD-0138,CUST-0134,2026-09-21,USD,Mobile App,delivered,108.0,0.0,8.64,0.0,116.64
ORD-0139,CUST-0135,2026-10-21,USD,Mobile App,confirmed,129.0,0.0,10.32,0.0,139.32
ORD-0140,CUST-0158,2026-10-04,USD,Mobile App,delivered,145.55,0.0,11.64,0.0,157.19
ORD-0141,CUST-0031,2026-08-17,INR,Mobile App,delivered,4657.05,0.0,838.27,0.0,5495.32
ORD-0142,CUST-0166,2026-09-17,USD,Web Direct,delivered,181.55,0.0,14.52,0.0,196.07
ORD-0143,CUST-0051,2026-10-19,INR,Mobile App,placed,3799.05,0.0,683.83,0.0,4482.88
ORD-0144,CUST-0137,2026-09-13,USD,B2B Portal,delivered,709.65,0.0,56.77,0.0,766.42
ORD-0145,CUST-0115,2026-08-14,INR,Marketplace,delivered,179998.0,8999.9,30779.66,0.0,201777.76
ORD-0146,CUST-0102,2026-10-02,INR,B2B Portal,delivered,1999.0,0.0,359.82,100.0,2458.82
ORD-0147,CUST-0078,2026-09-08,INR,B2B Portal,delivered,197329.5,9866.48,33743.34,0.0,221206.36
ORD-0148,CUST-0073,2026-09-08,INR,Web Direct,delivered,21945.2,0.0,3950.14,0.0,25895.34
ORD-0149,CUST-0004,2026-07-04,INR,Mobile App,delivered,1898.0,94.9,324.56,100.0,2227.66
ORD-0150,CUST-0130,2026-08-27,INR,Mobile App,delivered,2374.05,0.0,427.33,0.0,2801.38
ORD-0151,CUST-0067,2026-08-15,INR,Web Direct,delivered,499.0,0.0,89.82,100.0,688.82
ORD-0152,CUST-0049,2026-10-11,INR,Web Direct,delivered,92696.0,4634.8,15851.02,0.0,103912.22
ORD-0153,CUST-0027,2026-07-04,INR,Marketplace,shipped,2899.0,0.0,521.82,0.0,3420.82
ORD-0154,CUST-0095,2026-08-21,INR,B2B Portal,returned,699.0,34.95,119.53,100.0,883.58
ORD-0155,CUST-0071,2026-07-28,INR,Marketplace,delivered,699.0,0.0,125.82,100.0,924.82
ORD-0156,CUST-0194,2026-08-14,USD,Web Direct,confirmed,45.0,0.0,3.6,5.0,53.6
ORD-0157,CUST-0030,2026-09-21,INR,Web Direct,shipped,5224.05,0.0,940.33,0.0,6164.38
ORD-0158,CUST-0008,2026-09-26,INR,Mobile App,delivered,13495.0,674.75,2307.64,0.0,15127.89
ORD-0159,CUST-0045,2026-09-11,INR,Web Direct,delivered,3999.0,0.0,719.82,0.0,4718.82
ORD-0160,CUST-0179,2026-09-12,USD,Mobile App,returned,415.25,20.76,31.56,0.0,426.05
ORD-0161,CUST-0027,2026-10-28,INR,Web Direct,delivered,1499.0,0.0,269.82,100.0,1868.82
ORD-0162,CUST-0118,2026-09-19,INR,B2B Portal,confirmed,9997.05,499.85,1709.5,0.0,11206.7
ORD-0163,CUST-0199,2026-07-16,USD,Web Direct,delivered,583.55,29.18,44.35,0.0,598.72
ORD-0164,CUST-0108,2026-10-28,INR,Web Direct,delivered,2799.0,0.0,503.82,0.0,3302.82
ORD-0165,CUST-0036,2026-08-14,INR,Mobile App,delivered,193419.05,0.0,34815.43,0.0,228234.48
ORD-0166,CUST-0105,2026-09-10,INR,Web Direct,confirmed,30997.0,0.0,5579.46,0.0,36576.46
ORD-0167,CUST-0090,2026-10-20,INR,B2B Portal,shipped,48574.0,0.0,8743.32,0.0,57317.32
ORD-0168,CUST-0104,2026-10-22,INR,Mobile App,shipped,86998.05,0.0,15659.65,0.0,102657.7
ORD-0169,CUST-0072,2026-07-15,INR,Mobile App,delivered,18296.0,0.0,3293.28,0.0,21589.28
ORD-0170,CUST-0147,2026-07-28,USD,B2B Portal,delivered,1937.4,0.0,154.99,0.0,2092.39
ORD-0171,CUST-0147,2026-09-14,USD,B2B Portal,cancelled,4130.9,0.0,330.47,0.0,4461.37
ORD-0172,CUST-0161,2026-08-10,USD,Web Direct,confirmed,59.0,0.0,4.72,0.0,63.72
ORD-0173,CUST-0181,2026-09-10,USD,Marketplace,delivered,105.55,0.0,8.44,0.0,113.99
ORD-0174,CUST-0162,2026-08-16,USD,Marketplace,delivered,79.0,0.0,6.32,0.0,85.32
ORD-0175,CUST-0011,2026-08-15,INR,Web Direct,delivered,2563.1,0.0,461.36,0.0,3024.46
ORD-0176,CUST-0135,2026-09-18,USD,Web Direct,cancelled,129.0,0.0,10.32,0.0,139.32
ORD-0177,CUST-0123,2026-10-16,INR,Web Direct,delivered,2848.1,0.0,512.66,0.0,3360.76
ORD-0178,CUST-0092,2026-10-06,INR,B2B Portal,confirmed,85499.05,4274.95,14620.34,0.0,95844.44
ORD-0179,CUST-0075,2026-08-27,INR,Mobile App,delivered,4497.1,0.0,809.48,0.0,5306.58
ORD-0180,CUST-0123,2026-09-28,INR,Web Direct,delivered,13098.05,0.0,2357.65,0.0,15455.7
ORD-0181,CUST-0126,2026-09-04,INR,Mobile App,delivered,11897.0,0.0,2141.46,0.0,14038.46
ORD-0182,CUST-0063,2026-07-20,INR,Mobile App,confirmed,14999.0,0.0,2699.82,0.0,17698.82
ORD-0183,CUST-0024,2026-10-12,INR,Web Direct,delivered,5498.0,274.9,940.16,0.0,6163.26
ORD-0184,CUST-0022,2026-09-25,INR,Marketplace,delivered,7999.0,0.0,1439.82,0.0,9438.82
ORD-0185,CUST-0110,2026-10-28,INR,Web Direct,delivered,3798.1,0.0,683.66,0.0,4481.76
ORD-0186,CUST-0161,2026-10-07,USD,Marketplace,delivered,499.0,0.0,39.92,0.0,538.92
ORD-0187,CUST-0010,2026-09-04,INR,Mobile App,delivered,3299.0,0.0,593.82,0.0,3892.82
ORD-0188,CUST-0097,2026-10-09,INR,Mobile App,delivered,3698.0,0.0,665.64,0.0,4363.64
ORD-0189,CUST-0145,2026-08-14,USD,Mobile App,delivered,252.05,0.0,20.16,0.0,272.21
ORD-0190,CUST-0156,2026-10-10,USD,Mobile App,delivered,1277.0,63.85,97.05,0.0,1310.2
ORD-0191,CUST-0198,2026-10-13,USD,Mobile App,delivered,387.0,0.0,30.96,0.0,417.96
ORD-0192,CUST-0114,2026-08-04,INR,Mobile App,delivered,1999.0,0.0,359.82,100.0,2458.82
ORD-0193,CUST-0060,2026-09-08,INR,Marketplace,delivered,33297.0,0.0,5993.46,0.0,39290.46
ORD-0194,CUST-0002,2026-09-13,INR,Mobile App,delivered,44997.0,0.0,8099.46,0.0,53096.46
ORD-0195,CUST-0095,2026-09-17,INR,Web Direct,delivered,3999.0,0.0,719.82,0.0,4718.82
ORD-0196,CUST-0071,2026-09-06,INR,B2B Portal,delivered,19498.0,0.0,3509.64,0.0,23007.64
ORD-0197,CUST-0158,2026-08-28,USD,Web Direct,delivered,79.0,0.0,6.32,0.0,85.32
ORD-0198,CUST-0197,2026-10-13,USD,Mobile App,delivered,245.1,0.0,19.61,0.0,264.71
ORD-0199,CUST-0098,2026-10-05,INR,B2B Portal,delivered,642677.3,0.0,115681.91,0.0,758359.21
ORD-0200,CUST-0186,2026-08-26,USD,Mobile App,delivered,899.0,44.95,68.32,0.0,922.37
ORD-0201,CUST-0099,2026-07-07,INR,Mobile App,delivered,12171.05,0.0,2190.79,0.0,14361.84
ORD-0202,CUST-0065,2026-08-19,INR,Web Direct,delivered,89999.0,4499.95,15389.83,0.0,100888.88
ORD-0203,CUST-0049,2026-09-05,INR,Web Direct,delivered,188946.05,9447.3,32309.77,0.0,211808.52
ORD-0204,CUST-0147,2026-07-17,USD,B2B Portal,placed,4227.0,0.0,338.16,0.0,4565.16
ORD-0205,CUST-0008,2026-07-15,INR,Web Direct,delivered,3134.05,156.7,535.92,0.0,3513.27
ORD-0206,CUST-0200,2026-09-22,USD,Mobile App,delivered,1047.0,0.0,83.76,0.0,1130.76
ORD-0207,CUST-0115,2026-09-25,INR,Web Direct,confirmed,3999.0,0.0,719.82,0.0,4718.82
ORD-0208,CUST-0130,2026-10-23,INR,B2B Portal,delivered,3999.0,0.0,719.82,0.0,4718.82
ORD-0209,CUST-0084,2026-07-17,INR,Web Direct,confirmed,7997.0,0.0,1439.46,0.0,9436.46
ORD-0210,CUST-0004,2026-10-28,INR,Web Direct,delivered,2998.0,149.9,512.66,0.0,3360.76
ORD-0211,CUST-0157,2026-10-20,USD,Web Direct,delivered,688.0,34.4,52.29,0.0,705.89
ORD-0212,CUST-0192,2026-09-14,USD,Mobile App,delivered,104.0,0.0,8.32,0.0,112.32
ORD-0213,CUST-0157,2026-09-15,USD,Web Direct,delivered,179.55,8.98,13.65,0.0,184.22
ORD-0214,CUST-0018,2026-07-16,INR,Web Direct,delivered,699.0,34.95,119.53,100.0,883.58
ORD-0215,CUST-0058,2026-09-11,INR,Mobile App,delivered,15498.0,0.0,2789.64,0.0,18287.64
ORD-0216,CUST-0124,2026-09-20,INR,Web Direct,delivered,3197.0,159.85,546.69,0.0,3583.84
ORD-0217,CUST-0181,2026-08-17,USD,Web Direct,delivered,1088.0,0.0,87.04,0.0,1175.04
ORD-0218,CUST-0163,2026-10-24,USD,Mobile App,placed,49.0,2.45,3.72,5.0,55.27
ORD-0219,CUST-0099,2026-10-20,INR,Mobile App,delivered,3998.0,0.0,719.64,0.0,4717.64
ORD-0220,CUST-0076,2026-10-20,INR,B2B Portal,shipped,59425.55,0.0,10696.6,0.0,70122.15
ORD-0221,CUST-0044,2026-09-27,INR,Mobile App,delivered,6498.0,0.0,1169.64,0.0,7667.64
ORD-0222,CUST-0024,2026-07-14,INR,Web Direct,delivered,8472.05,0.0,1524.97,0.0,9997.02
ORD-0223,CUST-0095,2026-10-25,INR,B2B Portal,delivered,999.0,49.95,170.83,100.0,1219.88
ORD-0224,CUST-0033,2026-08-20,INR,Marketplace,delivered,15296.0,764.8,2615.62,0.0,17146.82
ORD-0225,CUST-0169,2026-09-11,USD,Mobile App,returned,677.0,33.85,51.45,0.0,694.6
ORD-0226,CUST-0016,2026-09-25,INR,Web Direct,delivered,1999.0,0.0,359.82,100.0,2458.82
ORD-0227,CUST-0196,2026-09-01,USD,Mobile App,delivered,79.0,0.0,6.32,0.0,85.32
ORD-0228,CUST-0192,2026-09-05,USD,Marketplace,delivered,688.0,34.4,52.29,0.0,705.89
ORD-0229,CUST-0116,2026-08-21,INR,Mobile App,delivered,5798.0,289.9,991.46,0.0,6499.56
ORD-0230,CUST-0034,2026-08-26,INR,B2B Portal,delivered,7599.05,0.0,1367.83,0.0,8966.88
ORD-0231,CUST-0014,2026-10-23,INR,Mobile App,delivered,89999.0,0.0,16199.82,0.0,106198.82
ORD-0232,CUST-0036,2026-08-22,INR,Web Direct,placed,4497.1,0.0,809.48,0.0,5306.58
ORD-0233,CUST-0044,2026-09-05,INR,Web Direct,confirmed,7497.0,0.0,1349.46,0.0,8846.46
ORD-0234,CUST-0194,2026-09-06,USD,Mobile App,delivered,748.0,0.0,59.84,0.0,807.84
ORD-0235,CUST-0133,2026-08-25,USD,Mobile App,shipped,99.0,0.0,7.92,0.0,106.92
ORD-0236,CUST-0010,2026-09-21,INR,Mobile App,delivered,16396.0,0.0,2951.28,0.0,19347.28
ORD-0237,CUST-0196,2026-07-21,USD,Web Direct,delivered,150.1,0.0,12.01,0.0,162.11
ORD-0238,CUST-0078,2026-08-21,INR,B2B Portal,shipped,140839.2,7041.96,24083.5,0.0,157880.74
ORD-0239,CUST-0032,2026-09-19,INR,Marketplace,delivered,4472.05,223.6,764.72,0.0,5013.17
ORD-0240,CUST-0073,2026-09-23,INR,Marketplace,delivered,1199.0,0.0,215.82,100.0,1514.82
ORD-0241,CUST-0006,2026-09-13,INR,Marketplace,delivered,899.0,0.0,161.82,100.0,1160.82
ORD-0242,CUST-0019,2026-07-22,INR,Marketplace,delivered,10813.25,540.66,1849.07,0.0,12121.66
ORD-0243,CUST-0162,2026-10-10,USD,Web Direct,shipped,687.0,34.35,52.21,0.0,704.86
ORD-0244,CUST-0102,2026-10-07,INR,Web Direct,delivered,7622.05,0.0,1371.97,0.0,8994.02
ORD-0245,CUST-0153,2026-07-04,USD,Web Direct,delivered,177.0,0.0,14.16,0.0,191.16
ORD-0246,CUST-0142,2026-10-11,USD,Mobile App,delivered,59.0,0.0,4.72,0.0,63.72
ORD-0247,CUST-0193,2026-08-11,USD,B2B Portal,delivered,6053.8,0.0,484.3,0.0,6538.1
ORD-0248,CUST-0190,2026-07-21,USD,Mobile App,confirmed,522.1,0.0,41.77,0.0,563.87
ORD-0249,CUST-0130,2026-10-28,INR,Mobile App,cancelled,1999.0,0.0,359.82,100.0,2458.82
ORD-0250,CUST-0094,2026-09-18,INR,Mobile App,delivered,4997.0,0.0,899.46,0.0,5896.46
ORD-0251,CUST-0078,2026-09-22,INR,B2B Portal,delivered,90472.0,0.0,16284.96,0.0,106756.96
ORD-0252,CUST-0106,2026-08-09,INR,Web Direct,delivered,1999.0,0.0,359.82,100.0,2458.82
ORD-0253,CUST-0018,2026-07-21,INR,Web Direct,delivered,10797.0,539.85,1846.29,0.0,12103.44
ORD-0254,CUST-0070,2026-08-19,INR,Mobile App,delivered,5297.0,0.0,953.46,0.0,6250.46
ORD-0255,CUST-0010,2026-10-01,INR,Mobile App,delivered,3799.05,0.0,683.83,0.0,4482.88
ORD-0256,CUST-0197,2026-09-27,USD,Web Direct,delivered,378.0,0.0,30.24,0.0,408.24
ORD-0257,CUST-0169,2026-09-14,USD,Web Direct,delivered,42.75,2.14,3.25,5.0,48.86
ORD-0258,CUST-0190,2026-07-06,USD,Web Direct,placed,1497.0,0.0,119.76,0.0,1616.76
ORD-0259,CUST-0172,2026-09-27,USD,Web Direct,shipped,45.0,0.0,3.6,5.0,53.6
ORD-0260,CUST-0187,2026-09-26,USD,Mobile App,delivered,228.0,0.0,18.24,0.0,246.24
ORD-0261,CUST-0086,2026-08-04,INR,Web Direct,delivered,4998.0,0.0,899.64,0.0,5897.64
ORD-0262,CUST-0172,2026-09-02,USD,Marketplace,cancelled,245.1,0.0,19.61,0.0,264.71
ORD-0263,CUST-0145,2026-10-25,USD,Mobile App,delivered,49.0,0.0,3.92,5.0,57.92
ORD-0264,CUST-0113,2026-08-19,INR,Marketplace,shipped,13395.0,669.75,2290.55,0.0,15015.8
ORD-0265,CUST-0088,2026-08-01,INR,Mobile App,delivered,91898.05,0.0,16541.65,0.0,108439.7
ORD-0266,CUST-0188,2026-09-19,USD,Web Direct,delivered,748.0,0.0,59.84,0.0,807.84
ORD-0267,CUST-0017,2026-08-18,INR,Mobile App,delivered,23071.15,0.0,4152.81,0.0,27223.96
ORD-0268,CUST-0007,2026-09-26,INR,Web Direct,returned,3299.0,0.0,593.82,0.0,3892.82
ORD-0269,CUST-0006,2026-09-20,INR,Web Direct,delivered,2754.05,137.7,470.94,0.0,3087.29
ORD-0270,CUST-0034,2026-09-23,INR,B2B Portal,placed,7598.1,0.0,1367.66,0.0,8965.76
ORD-0271,CUST-0009,2026-08-26,INR,Mobile App,delivered,1139.05,56.95,194.78,100.0,1376.88
ORD-0272,CUST-0100,2026-07-09,INR,B2B Portal,delivered,233351.0,0.0,42003.18,0.0,275354.18
ORD-0273,CUST-0061,2026-08-20,INR,B2B Portal,delivered,3799.05,0.0,683.83,0.0,4482.88
ORD-0274,CUST-0047,2026-08-04,INR,Marketplace,delivered,19494.0,0.0,3508.92,0.0,23002.92
ORD-0275,CUST-0139,2026-10-28,USD,Web Direct,returned,45.0,2.25,3.42,5.0,51.17
ORD-0276,CUST-0151,2026-09-12,USD,Mobile App,delivered,258.0,12.9,19.61,0.0,264.71
ORD-0277,CUST-0145,2026-08-19,USD,Web Direct,delivered,204.55,0.0,16.36,0.0,220.91
ORD-0278,CUST-0081,2026-08-25,INR,Web Direct,delivered,8052.05,0.0,1449.37,0.0,9501.42
ORD-0279,CUST-0115,2026-10-19,INR,Marketplace,delivered,44997.0,0.0,8099.46,0.0,53096.46
ORD-0280,CUST-0155,2026-09-13,USD,Marketplace,delivered,573.05,28.65,43.55,0.0,587.95
ORD-0281,CUST-0072,2026-08-20,INR,Marketplace,delivered,899.0,0.0,161.82,100.0,1160.82
ORD-0282,CUST-0132,2026-08-23,USD,Mobile App,returned,189.0,0.0,15.12,0.0,204.12
ORD-0283,CUST-0114,2026-09-26,INR,Web Direct,shipped,664.05,0.0,119.53,100.0,883.58
ORD-0284,CUST-0017,2026-08-16,INR,Web Direct,delivered,92498.0,0.0,16649.64,0.0,109147.64
ORD-0285,CUST-0047,2026-09-02,INR,Web Direct,delivered,15198.1,0.0,2735.66,0.0,17933.76
ORD-0286,CUST-0045,2026-10-09,INR,Web Direct,delivered,1799.0,0.0,323.82,100.0,2222.82
ORD-0287,CUST-0053,2026-08-11,INR,Mobile App,delivered,899.0,0.0,161.82,100.0,1160.82
ORD-0288,CUST-0138,2026-09-11,USD,Web Direct,delivered,144.0,7.2,10.94,0.0,147.74
ORD-0289,CUST-0198,2026-08-21,USD,Web Direct,shipped,227.0,0.0,18.16,0.0,245.16
ORD-0290,CUST-0104,2026-07-08,INR,Mobile App,confirmed,13022.1,0.0,2343.98,0.0,15366.08
ORD-0291,CUST-0189,2026-09-03,USD,Web Direct,delivered,308.0,0.0,24.64,0.0,332.64
ORD-0292,CUST-0174,2026-10-01,USD,Web Direct,delivered,118.0,5.9,8.97,0.0,121.07
ORD-0293,CUST-0028,2026-09-05,INR,B2B Portal,delivered,8298.0,0.0,1493.64,0.0,9791.64
ORD-0294,CUST-0152,2026-09-08,USD,Marketplace,placed,99.0,0.0,7.92,0.0,106.92
ORD-0295,CUST-0090,2026-08-16,INR,B2B Portal,delivered,159916.8,0.0,28785.02,0.0,188701.82
ORD-0296,CUST-0061,2026-08-03,INR,Web Direct,delivered,6598.0,0.0,1187.64,0.0,7785.64
ORD-0297,CUST-0124,2026-09-09,INR,Web Direct,delivered,16998.0,0.0,3059.64,0.0,20057.64
ORD-0298,CUST-0020,2026-08-18,INR,Web Direct,delivered,7312.15,0.0,1316.19,0.0,8628.34
ORD-0299,CUST-0183,2026-09-26,USD,Web Direct,delivered,150.1,7.5,11.41,0.0,154.01
ORD-0300,CUST-0172,2026-10-09,USD,Marketplace,delivered,1088.0,0.0,87.04,0.0,1175.04
ORD-0301,CUST-0196,2026-09-04,USD,Mobile App,delivered,383.05,0.0,30.64,0.0,413.69
ORD-0302,CUST-0119,2026-08-12,INR,Marketplace,delivered,3423.05,0.0,616.15,0.0,4039.2
ORD-0303,CUST-0190,2026-08-02,USD,Mobile App,delivered,494.55,0.0,39.56,0.0,534.11
ORD-0304,CUST-0055,2026-10-21,INR,Web Direct,shipped,89999.0,4499.95,15389.83,0.0,100888.88
ORD-0305,CUST-0022,2026-08-18,INR,Mobile App,shipped,5197.0,0.0,935.46,0.0,6132.46
ORD-0306,CUST-0195,2026-09-15,USD,Mobile App,delivered,59.0,2.95,4.48,0.0,60.53
ORD-0307,CUST-0193,2026-08-27,USD,B2B Portal,delivered,16681.0,0.0,1334.48,0.0,18015.48
ORD-0308,CUST-0044,2026-08-01,INR,Mobile App,returned,2799.0,139.95,478.63,0.0,3137.68
ORD-0309,CUST-0089,2026-10-05,INR,Mobile App,confirmed,5224.05,0.0,940.33,0.0,6164.38
ORD-0310,CUST-0096,2026-08-02,INR,Web Direct,delivered,1499.0,0.0,269.82,100.0,1868.82
ORD-0311,CUST-0058,2026-10-07,INR,Mobile App,delivered,10996.0,0.0,1979.28,0.0,12975.28
ORD-0312,CUST-0068,2026-08-02,INR,Mobile App,delivered,91138.05,0.0,16404.85,0.0,107542.9
ORD-0313,CUST-0176,2026-08-21,USD,B2B Portal,delivered,249.0,0.0,19.92,0.0,268.92
ORD-0314,CUST-0100,2026-09-04,INR,B2B Portal,delivered,1559454.0,0.0,280701.72,0.0,1840155.72
ORD-0315,CUST-0099,2026-09-21,INR,Web Direct,delivered,5998.0,0.0,1079.64,0.0,7077.64
ORD-0316,CUST-0075,2026-08-24,INR,Web Direct,placed,474.05,0.0,85.33,100.0,659.38
ORD-0317,CUST-0033,2026-08-11,INR,Web Direct,shipped,91998.0,0.0,16559.64,0.0,108557.64
ORD-0318,CUST-0178,2026-09-05,USD,Web Direct,shipped,45.0,0.0,3.6,5.0,53.6
ORD-0319,CUST-0096,2026-09-07,INR,Mobile App,cancelled,3106.1,0.0,559.1,0.0,3665.2
ORD-0320,CUST-0116,2026-07-26,INR,Mobile App,delivered,899.0,44.95,153.73,100.0,1107.78
ORD-0321,CUST-0132,2026-10-28,USD,Mobile App,delivered,657.0,32.85,49.93,0.0,674.08
ORD-0322,CUST-0055,2026-07-17,INR,Mobile App,returned,3999.0,199.95,683.83,0.0,4482.88
ORD-0323,CUST-0145,2026-08-13,USD,Web Direct,delivered,49.0,0.0,3.92,5.0,57.92
ORD-0324,CUST-0009,2026-10-05,INR,Mobile App,delivered,5499.0,0.0,989.82,0.0,6488.82
ORD-0325,CUST-0054,2026-08-14,INR,Web Direct,delivered,8697.0,434.85,1487.19,0.0,9749.34
ORD-0326,CUST-0177,2026-10-15,USD,Mobile App,delivered,90.0,4.5,6.84,0.0,92.34
ORD-0327,CUST-0121,2026-10-04,INR,Mobile App,delivered,1709.05,0.0,307.63,100.0,2116.68
ORD-0328,CUST-0099,2026-07-15,INR,Mobile App,delivered,1499.0,0.0,269.82,100.0,1868.82
ORD-0329,CUST-0098,2026-10-23,INR,B2B Portal,delivered,85477.0,4273.85,14616.57,0.0,95819.72
ORD-0330,CUST-0154,2026-09-22,USD,Marketplace,delivered,671.1,0.0,53.69,0.0,724.79
ORD-0331,CUST-0042,2026-08-17,INR,B2B Portal,delivered,1899.05,0.0,341.83,100.0,2340.88
ORD-0332,CUST-0077,2026-08-12,INR,Mobile App,delivered,14999.0,0.0,2699.82,0.0,17698.82
ORD-0333,CUST-0016,2026-10-27,INR,B2B Portal,delivered,20496.0,0.0,3689.28,0.0,24185.28
ORD-0334,CUST-0006,2026-09-14,INR,B2B Portal,delivered,22397.05,0.0,4031.47,0.0,26428.52
ORD-0335,CUST-0150,2026-10-25,USD,B2B Portal,delivered,6312.15,0.0,504.97,0.0,6817.12
ORD-0336,CUST-0096,2026-08-24,INR,B2B Portal,delivered,16546.1,0.0,2978.3,0.0,19524.4
ORD-0337,CUST-0034,2026-09-20,INR,Web Direct,delivered,7298.0,0.0,1313.64,0.0,8611.64
ORD-0338,CUST-0197,2026-08-16,USD,Web Direct,delivered,99.0,4.95,7.52,0.0,101.57
ORD-0339,CUST-0005,2026-09-07,INR,Mobile App,delivered,10998.0,0.0,1979.64,0.0,12977.64
ORD-0340,CUST-0155,2026-10-14,USD,Web Direct,delivered,899.0,0.0,71.92,0.0,970.92
ORD-0341,CUST-0111,2026-09-21,INR,Marketplace,delivered,16997.1,0.0,3059.48,0.0,20056.58
ORD-0342,CUST-0122,2026-07-13,INR,B2B Portal,delivered,55872.0,0.0,10056.96,0.0,65928.96
ORD-0343,CUST-0179,2026-09-02,USD,Mobile App,delivered,273.0,0.0,21.84,0.0,294.84
ORD-0344,CUST-0093,2026-09-06,INR,Mobile App,delivered,7997.0,0.0,1439.46,0.0,9436.46
ORD-0345,CUST-0195,2026-07-04,USD,Mobile App,delivered,174.0,8.7,13.22,0.0,178.52
ORD-0346,CUST-0190,2026-08-25,USD,Web Direct,shipped,118.0,0.0,9.44,0.0,127.44
ORD-0347,CUST-0188,2026-07-10,USD,Web Direct,delivered,141.75,0.0,11.34,0.0,153.09
ORD-0348,CUST-0101,2026-09-16,INR,Web Direct,confirmed,3299.0,164.95,564.13,0.0,3698.18
ORD-0349,CUST-0097,2026-08-18,INR,Web Direct,shipped,3772.05,0.0,678.97,0.0,4451.02
ORD-0350,CUST-0092,2026-09-27,INR,Mobile App,shipped,1899.05,0.0,341.83,100.0,2340.88
ORD-0351,CUST-0032,2026-09-23,INR,Mobile App,delivered,999.0,0.0,179.82,100.0,1278.82
ORD-0352,CUST-0169,2026-10-27,USD,Web Direct,shipped,249.0,12.45,18.92,0.0,255.47
ORD-0353,CUST-0017,2026-10-11,INR,Mobile App,delivered,3299.0,164.95,564.13,0.0,3698.18
ORD-0354,CUST-0046,2026-09-26,INR,B2B Portal,returned,3999.0,0.0,719.82,0.0,4718.82
ORD-0355,CUST-0177,2026-09-21,USD,Mobile App,shipped,1092.05,54.6,83.0,0.0,1120.45
ORD-0356,CUST-0127,2026-09-04,INR,Mobile App,delivered,1199.0,59.95,205.03,100.0,1444.08
ORD-0357,CUST-0086,2026-10-10,INR,Web Direct,delivered,8548.1,0.0,1538.66,0.0,10086.76
ORD-0358,CUST-0194,2026-08-27,USD,Web Direct,delivered,1017.0,0.0,81.36,0.0,1098.36
ORD-0359,CUST-0177,2026-09-27,USD,Web Direct,delivered,407.0,20.35,30.93,0.0,417.58
ORD-0360,CUST-0120,2026-08-26,INR,Web Direct,delivered,35249.05,0.0,6344.83,0.0,41593.88
ORD-0361,CUST-0173,2026-08-02,USD,Web Direct,delivered,1798.0,0.0,143.84,0.0,1941.84
ORD-0362,CUST-0199,2026-07-26,USD,Web Direct,cancelled,499.0,0.0,39.92,0.0,538.92
ORD-0363,CUST-0200,2026-08-16,USD,Mobile App,delivered,359.1,0.0,28.73,0.0,387.83
ORD-0364,CUST-0101,2026-07-24,INR,Web Direct,delivered,3418.1,170.91,584.49,0.0,3831.68
ORD-0365,CUST-0046,2026-09-03,INR,Web Direct,delivered,14948.05,0.0,2690.65,0.0,17638.7
ORD-0366,CUST-0104,2026-08-09,INR,Mobile App,delivered,19273.05,0.0,3469.15,0.0,22742.2
ORD-0367,CUST-0142,2026-08-11,USD,Web Direct,confirmed,1445.0,72.25,109.82,0.0,1482.57
ORD-0368,CUST-0173,2026-07-13,USD,Web Direct,delivered,249.0,0.0,19.92,0.0,268.92
ORD-0369,CUST-0190,2026-08-11,USD,Marketplace,shipped,2886.0,0.0,230.88,0.0,3116.88
ORD-0370,CUST-0026,2026-09-15,INR,Web Direct,delivered,12746.1,637.31,2179.58,0.0,14288.37
ORD-0371,CUST-0066,2026-08-23,INR,Marketplace,delivered,7998.0,399.9,1367.66,0.0,8965.76
ORD-0372,CUST-0140,2026-08-15,USD,Marketplace,delivered,59.0,2.95,4.48,0.0,60.53
ORD-0373,CUST-0069,2026-10-11,INR,B2B Portal,delivered,40969.0,0.0,7374.42,0.0,48343.42
ORD-0374,CUST-0114,2026-08-11,INR,Web Direct,shipped,15498.0,0.0,2789.64,0.0,18287.64
ORD-0375,CUST-0076,2026-09-23,INR,B2B Portal,delivered,151373.85,7568.69,25884.93,0.0,169690.09
ORD-0376,CUST-0155,2026-09-02,USD,Web Direct,shipped,1073.05,53.65,81.55,0.0,1100.95
ORD-0377,CUST-0095,2026-08-20,INR,Mobile App,cancelled,2899.0,0.0,521.82,0.0,3420.82
ORD-0378,CUST-0116,2026-10-14,INR,Mobile App,confirmed,30494.0,1524.7,5214.47,0.0,34183.77
ORD-0379,CUST-0084,2026-07-18,INR,Marketplace,delivered,7998.0,0.0,1439.64,0.0,9437.64
ORD-0380,CUST-0154,2026-09-13,USD,Web Direct,delivered,45.0,0.0,3.6,5.0,53.6
ORD-0381,CUST-0180,2026-08-28,USD,B2B Portal,shipped,6863.0,0.0,549.04,0.0,7412.04
ORD-0382,CUST-0072,2026-09-14,INR,Marketplace,delivered,22998.0,0.0,4139.64,0.0,27137.64
ORD-0383,CUST-0088,2026-08-20,INR,Web Direct,cancelled,7999.0,0.0,1439.82,0.0,9438.82
ORD-0384,CUST-0070,2026-07-02,INR,Mobile App,returned,5798.05,0.0,1043.65,0.0,6841.7
ORD-0385,CUST-0060,2026-09-20,INR,Web Direct,delivered,999.0,49.95,170.83,100.0,1219.88
ORD-0386,CUST-0022,2026-10-18,INR,Mobile App,delivered,1999.0,0.0,359.82,100.0,2458.82
ORD-0387,CUST-0003,2026-07-20,INR,Mobile App,returned,10353.1,517.66,1770.38,0.0,11605.82
ORD-0388,CUST-0016,2026-07-17,INR,Web Direct,delivered,4998.0,0.0,899.64,0.0,5897.64
ORD-0389,CUST-0040,2026-08-06,INR,Web Direct,shipped,2997.0,149.85,512.49,0.0,3359.64
ORD-0390,CUST-0139,2026-10-25,USD,B2B Portal,delivered,294.0,14.7,22.34,0.0,301.64
ORD-0391,CUST-0132,2026-08-13,USD,Mobile App,delivered,198.0,0.0,15.84,0.0,213.84
ORD-0392,CUST-0024,2026-07-28,INR,Web Direct,delivered,10998.0,0.0,1979.64,0.0,12977.64
ORD-0393,CUST-0010,2026-08-09,INR,Marketplace,delivered,2799.0,0.0,503.82,0.0,3302.82
ORD-0394,CUST-0081,2026-09-06,INR,Web Direct,delivered,1139.05,0.0,205.03,100.0,1444.08
ORD-0395,CUST-0083,2026-09-09,INR,B2B Portal,delivered,73907.35,0.0,13303.32,0.0,87210.67
ORD-0396,CUST-0166,2026-10-23,USD,Web Direct,returned,854.05,0.0,68.32,0.0,922.37
ORD-0397,CUST-0142,2026-08-03,USD,Web Direct,delivered,249.0,0.0,19.92,0.0,268.92
ORD-0398,CUST-0017,2026-09-07,INR,Mobile App,delivered,854.05,0.0,153.73,100.0,1107.78
ORD-0399,CUST-0024,2026-09-04,INR,Web Direct,delivered,999.0,49.95,170.83,100.0,1219.88
ORD-0400,CUST-0085,2026-09-09,INR,Web Direct,delivered,2659.05,0.0,478.63,0.0,3137.68
ORD-0401,CUST-0138,2026-10-25,USD,Marketplace,delivered,45.0,2.25,3.42,5.0,51.17
ORD-0402,CUST-0005,2026-09-12,INR,Web Direct,delivered,899.0,0.0,161.82,100.0,1160.82
ORD-0403,CUST-0021,2026-08-02,INR,B2B Portal,delivered,62362.0,0.0,11225.16,0.0,73587.16
ORD-0404,CUST-0172,2026-08-24,USD,B2B Portal,delivered,49.0,0.0,3.92,5.0,57.92
ORD-0405,CUST-0100,2026-07-11,INR,B2B Portal,delivered,104844.85,0.0,18872.07,0.0,123716.92
ORD-0406,CUST-0037,2026-07-05,INR,Mobile App,delivered,179998.0,0.0,32399.64,0.0,212397.64
ORD-0407,CUST-0090,2026-07-10,INR,B2B Portal,delivered,46374.0,2318.7,7929.95,0.0,51985.25
ORD-0408,CUST-0142,2026-10-24,USD,Mobile App,delivered,1497.0,74.85,113.77,0.0,1535.92
ORD-0409,CUST-0032,2026-09-11,INR,Web Direct,shipped,1328.1,0.0,239.06,100.0,1667.16
ORD-0410,CUST-0197,2026-10-02,USD,Web Direct,placed,148.0,7.4,11.25,0.0,151.85
ORD-0411,CUST-0050,2026-09-19,INR,Marketplace,delivered,2998.0,0.0,539.64,0.0,3537.64
ORD-0412,CUST-0092,2026-09-06,INR,Mobile App,delivered,5499.0,0.0,989.82,0.0,6488.82
ORD-0413,CUST-0042,2026-07-08,INR,Web Direct,delivered,10994.0,0.0,1978.92,0.0,12972.92
ORD-0414,CUST-0107,2026-10-22,INR,Marketplace,delivered,6316.15,0.0,1136.91,0.0,7453.06
ORD-0415,CUST-0174,2026-10-16,USD,Mobile App,delivered,45.0,2.25,3.42,5.0,51.17
ORD-0416,CUST-0154,2026-09-11,USD,Web Direct,shipped,129.0,0.0,10.32,0.0,139.32
ORD-0417,CUST-0066,2026-07-19,INR,Mobile App,shipped,5198.0,259.9,888.86,0.0,5826.96
ORD-0418,CUST-0021,2026-09-09,INR,B2B Portal,shipped,751180.0,0.0,135212.4,0.0,886392.4
ORD-0419,CUST-0110,2026-08-10,INR,Mobile App,shipped,11298.0,0.0,2033.64,0.0,13331.64
ORD-0420,CUST-0028,2026-10-07,INR,Mobile App,delivered,8998.0,0.0,1619.64,0.0,10617.64
ORD-0421,CUST-0024,2026-10-14,INR,B2B Portal,delivered,3999.0,199.95,683.83,0.0,4482.88
ORD-0422,CUST-0070,2026-09-04,INR,Mobile App,cancelled,5224.05,0.0,940.33,0.0,6164.38
ORD-0423,CUST-0006,2026-08-08,INR,Mobile App,delivered,1799.0,0.0,323.82,100.0,2222.82
ORD-0424,CUST-0020,2026-09-05,INR,Marketplace,delivered,3598.0,0.0,647.64,0.0,4245.64
ORD-0425,CUST-0116,2026-09-17,INR,Web Direct,delivered,2899.0,144.95,495.73,0.0,3249.78
ORD-0426,CUST-0054,2026-07-11,INR,Mobile App,shipped,1398.0,0.0,251.64,100.0,1749.64
ORD-0427,CUST-0158,2026-09-02,USD,Web Direct,delivered,179.55,0.0,14.36,0.0,193.91
ORD-0428,CUST-0172,2026-07-16,USD,Mobile App,delivered,536.0,0.0,42.88,0.0,578.88
ORD-0429,CUST-0010,2026-08-03,INR,Web Direct,delivered,2899.0,0.0,521.82,0.0,3420.82
ORD-0430,CUST-0001,2026-08-22,INR,B2B Portal,delivered,44496.1,2224.8,7608.83,0.0,49880.13
ORD-0431,CUST-0146,2026-07-06,USD,Web Direct,delivered,308.0,15.4,23.41,0.0,316.01
ORD-0432,CUST-0024,2026-07-12,INR,Web Direct,delivered,6448.05,0.0,1160.65,0.0,7608.7
ORD-0433,CUST-0122,2026-08-21,INR,B2B Portal,confirmed,147629.7,0.0,26573.35,0.0,174203.05
ORD-0434,CUST-0190,2026-08-06,USD,Mobile App,delivered,42.75,0.0,3.42,5.0,51.17
ORD-0435,CUST-0120,2026-08-04,INR,Web Direct,delivered,3999.0,0.0,719.82,0.0,4718.82
ORD-0436,CUST-0019,2026-10-05,INR,Web Direct,delivered,14999.0,0.0,2699.82,0.0,17698.82
ORD-0437,CUST-0196,2026-10-11,USD,Web Direct,returned,346.0,0.0,27.68,0.0,373.68
ORD-0438,CUST-0018,2026-08-04,INR,Mobile App,shipped,8396.0,419.8,1435.72,0.0,9411.92
ORD-0439,CUST-0197,2026-09-07,USD,Mobile App,delivered,90.0,4.5,6.84,0.0,92.34
ORD-0440,CUST-0079,2026-10-17,INR,Web Direct,delivered,1999.0,99.95,341.83,100.0,2340.88
ORD-0441,CUST-0042,2026-10-12,INR,Web Direct,delivered,5499.0,0.0,989.82,0.0,6488.82
ORD-0442,CUST-0152,2026-09-14,USD,Marketplace,delivered,158.0,0.0,12.64,0.0,170.64
ORD-0443,CUST-0109,2026-09-05,INR,Web Direct,returned,3998.0,199.9,683.66,0.0,4481.76
ORD-0444,CUST-0119,2026-09-09,INR,Web Direct,shipped,999.0,49.95,170.83,100.0,1219.88
ORD-0445,CUST-0077,2026-08-16,INR,Web Direct,placed,8897.0,444.85,1521.39,0.0,9973.54
ORD-0446,CUST-0153,2026-08-21,USD,Marketplace,delivered,79.0,0.0,6.32,0.0,85.32
ORD-0447,CUST-0105,2026-07-25,INR,Web Direct,delivered,23296.0,0.0,4193.28,0.0,27489.28
ORD-0448,CUST-0107,2026-09-01,INR,Marketplace,shipped,4499.0,0.0,809.82,0.0,5308.82
ORD-0449,CUST-0070,2026-07-12,INR,Web Direct,shipped,11297.0,0.0,2033.46,0.0,13330.46
ORD-0450,CUST-0084,2026-09-28,INR,Web Direct,delivered,8697.0,0.0,1565.46,0.0,10262.46
ORD-0451,CUST-0149,2026-09-06,USD,Web Direct,delivered,122.55,0.0,9.8,0.0,132.35
ORD-0452,CUST-0101,2026-09-23,INR,Mobile App,delivered,3799.05,189.95,649.64,0.0,4258.74
ORD-0453,CUST-0021,2026-08-12,INR,B2B Portal,confirmed,203012.15,10150.61,34715.08,0.0,227576.62
ORD-0454,CUST-0123,2026-07-25,INR,Mobile App,delivered,3799.05,0.0,683.83,0.0,4482.88
ORD-0455,CUST-0109,2026-08-03,INR,Web Direct,delivered,854.05,0.0,153.73,100.0,1107.78
ORD-0456,CUST-0013,2026-08-03,INR,Web Direct,delivered,11998.0,599.9,2051.66,0.0,13449.76
ORD-0457,CUST-0038,2026-07-27,INR,Mobile App,delivered,1139.05,56.95,194.78,100.0,1376.88
ORD-0458,CUST-0129,2026-07-07,INR,B2B Portal,shipped,16798.0,839.9,2872.46,0.0,18830.56
ORD-0459,CUST-0177,2026-10-14,USD,Web Direct,shipped,899.0,44.95,68.32,0.0,922.37
ORD-0460,CUST-0005,2026-09-16,INR,Mobile App,delivered,15103.1,0.0,2718.56,0.0,17821.66
ORD-0461,CUST-0086,2026-10-08,INR,Mobile App,delivered,15198.1,759.91,2598.87,0.0,17037.06
ORD-0462,CUST-0026,2026-08-01,INR,B2B Portal,delivered,3999.0,199.95,683.83,0.0,4482.88
ORD-0463,CUST-0161,2026-08-23,USD,Mobile App,returned,198.0,9.9,15.05,0.0,203.15
ORD-0464,CUST-0137,2026-07-27,USD,Web Direct,delivered,198.0,0.0,15.84,0.0,213.84
ORD-0465,CUST-0098,2026-08-22,INR,B2B Portal,delivered,163834.85,0.0,29490.27,0.0,193325.12
ORD-0466,CUST-0157,2026-10-13,USD,Mobile App,delivered,59.0,2.95,4.48,0.0,60.53
ORD-0467,CUST-0088,2026-10-26,INR,Mobile App,delivered,89999.0,0.0,16199.82,0.0,106198.82
ORD-0468,CUST-0089,2026-07-14,INR,Marketplace,confirmed,2499.0,0.0,449.82,0.0,2948.82
ORD-0469,CUST-0018,2026-09-28,INR,Mobile App,delivered,5798.0,289.9,991.46,0.0,6499.56
ORD-0470,CUST-0082,2026-09-19,INR,Mobile App,delivered,664.05,0.0,119.53,100.0,883.58
ORD-0471,CUST-0068,2026-08-10,INR,Web Direct,delivered,899.0,0.0,161.82,100.0,1160.82
ORD-0472,CUST-0010,2026-09-13,INR,Web Direct,delivered,1199.0,0.0,215.82,100.0,1514.82
ORD-0473,CUST-0078,2026-10-03,INR,B2B Portal,delivered,142471.5,0.0,25644.87,0.0,168116.37
ORD-0474,CUST-0162,2026-09-19,USD,Web Direct,delivered,79.0,3.95,6.0,0.0,81.05
ORD-0475,CUST-0199,2026-08-17,USD,Marketplace,returned,2742.0,0.0,219.36,0.0,2961.36
ORD-0476,CUST-0033,2026-08-10,INR,B2B Portal,delivered,899.0,44.95,153.73,100.0,1107.78
ORD-0477,CUST-0103,2026-08-19,INR,Marketplace,delivered,1799.0,0.0,323.82,100.0,2222.82
ORD-0478,CUST-0132,2026-09-07,USD,Web Direct,delivered,45.0,0.0,3.6,5.0,53.6
ORD-0479,CUST-0068,2026-10-19,INR,Mobile App,delivered,182797.0,0.0,32903.46,0.0,215700.46
ORD-0480,CUST-0189,2026-09-02,USD,Mobile App,delivered,56.05,0.0,4.48,0.0,60.53
ORD-0481,CUST-0010,2026-10-03,INR,Mobile App,delivered,3998.0,0.0,719.64,0.0,4717.64
ORD-0482,CUST-0169,2026-08-27,USD,Web Direct,cancelled,387.0,19.35,29.41,0.0,397.06
ORD-0483,CUST-0169,2026-08-05,USD,Web Direct,delivered,1373.05,68.65,104.35,0.0,1408.75
ORD-0484,CUST-0139,2026-10-14,USD,Marketplace,delivered,1916.0,95.8,145.62,0.0,1965.82
ORD-0485,CUST-0160,2026-10-17,USD,Mobile App,shipped,498.0,0.0,39.84,0.0,537.84
ORD-0486,CUST-0081,2026-07-26,INR,Web Direct,shipped,90898.0,0.0,16361.64,0.0,107259.64
ORD-0487,CUST-0032,2026-10-15,INR,Web Direct,delivered,8948.05,0.0,1610.65,0.0,10558.7
ORD-0488,CUST-0192,2026-10-05,USD,Web Direct,delivered,422.1,0.0,33.77,0.0,455.87
ORD-0489,CUST-0179,2026-10-08,USD,Web Direct,delivered,45.0,0.0,3.6,5.0,53.6
ORD-0490,CUST-0003,2026-10-13,INR,Web Direct,shipped,12895.0,0.0,2321.1,0.0,15216.1
ORD-0491,CUST-0105,2026-09-26,INR,Mobile App,cancelled,499.0,0.0,89.82,100.0,688.82
ORD-0492,CUST-0119,2026-09-27,INR,Web Direct,delivered,10448.1,0.0,1880.66,0.0,12328.76
ORD-0493,CUST-0111,2026-09-27,INR,Mobile App,shipped,2799.0,0.0,503.82,0.0,3302.82
ORD-0494,CUST-0171,2026-10-05,USD,Web Direct,delivered,189.0,9.45,14.36,0.0,193.91
ORD-0495,CUST-0179,2026-10-25,USD,Web Direct,delivered,129.0,0.0,10.32,0.0,139.32
ORD-0496,CUST-0043,2026-09-27,INR,Web Direct,delivered,1799.0,0.0,323.82,100.0,2222.82
ORD-0497,CUST-0028,2026-10-07,INR,Web Direct,shipped,19273.05,0.0,3469.15,0.0,22742.2
ORD-0498,CUST-0187,2026-07-17,USD,Web Direct,delivered,407.0,0.0,32.56,0.0,439.56
ORD-0499,CUST-0016,2026-09-07,INR,Mobile App,delivered,5197.0,0.0,935.46,0.0,6132.46
ORD-0500,CUST-0028,2026-09-15,INR,Web Direct,delivered,1798.0,0.0,323.64,100.0,2221.64
ORD-0501,CUST-0107,2026-09-09,INR,Web Direct,delivered,899.0,0.0,161.82,100.0,1160.82
ORD-0502,CUST-0165,2026-09-05,USD,B2B Portal,cancelled,249.0,0.0,19.92,0.0,268.92
ORD-0503,CUST-0176,2026-07-11,USD,Mobile App,delivered,189.0,0.0,15.12,0.0,204.12
ORD-0504,CUST-0026,2026-10-10,INR,Marketplace,delivered,15998.0,799.9,2735.66,0.0,17933.76
ORD-0505,CUST-0187,2026-08-16,USD,Mobile App,confirmed,378.0,0.0,30.24,0.0,408.24
ORD-0506,CUST-0074,2026-07-06,INR,Web Direct,cancelled,1499.0,0.0,269.82,100.0,1868.82
ORD-0507,CUST-0084,2026-09-23,INR,Mobile App,delivered,2899.0,144.95,495.73,0.0,3249.78
ORD-0508,CUST-0071,2026-08-06,INR,Mobile App,delivered,3698.0,184.9,632.36,0.0,4145.46
ORD-0509,CUST-0033,2026-07-25,INR,Mobile App,shipped,3999.0,0.0,719.82,0.0,4718.82
ORD-0510,CUST-0134,2026-09-04,USD,Marketplace,delivered,249.0,0.0,19.92,0.0,268.92
ORD-0511,CUST-0112,2026-07-02,INR,Mobile App,delivered,10197.0,509.85,1743.69,0.0,11430.84
ORD-0512,CUST-0032,2026-09-18,INR,B2B Portal,delivered,2374.05,0.0,427.33,0.0,2801.38
ORD-0513,CUST-0045,2026-10-10,INR,Mobile App,delivered,185995.0,0.0,33479.1,0.0,219474.1
ORD-0514,CUST-0037,2026-09-16,INR,Web Direct,delivered,3299.0,164.95,564.13,0.0,3698.18
ORD-0515,CUST-0114,2026-09-14,INR,Web Direct,delivered,2697.0,0.0,485.46,0.0,3182.46
ORD-0516,CUST-0122,2026-09-03,INR,B2B Portal,confirmed,120432.0,6021.6,20593.87,0.0,135004.27
ORD-0517,CUST-0128,2026-09-17,INR,Web Direct,delivered,899.0,0.0,161.82,100.0,1160.82
ORD-0518,CUST-0028,2026-07-24,INR,Mobile App,delivered,89999.0,4499.95,15389.83,0.0,100888.88
ORD-0519,CUST-0071,2026-09-25,INR,Mobile App,delivered,19697.1,0.0,3545.48,0.0,23242.58
ORD-0520,CUST-0137,2026-07-18,USD,Web Direct,delivered,79.0,0.0,6.32,0.0,85.32
ORD-0011,CUST-0056,2026-07-04,INR,Marketplace,delivered,6171.2,308.56,1055.28,0.0,6917.92
ORD-0012,CUST-0047,2026-09-12,INR,Web Direct,delivered,14999.0,0.0,2699.82,0.0,17698.82
ORD-0013,CUST-0023,2026-08-28,INR,Mobile App,delivered,21746.05,1087.3,3718.57,0.0,24377.32
ORD-0014,CUST-0093,2026-09-03,INR,Web Direct,delivered,1798.0,0.0,323.64,100.0,2221.64
