item_id,order_id,product_id,quantity,unit_price,item_discount,line_total
ITEM-0001,ORD-0001,PROD-0003,1.0,3999.0,199.95,3799.05
ITEM-0002,ORD-0002,PROD-0002,1.0,2499.0,124.95,2374.05
ITEM-0003,ORD-0003,PROD-0026,7.0,79.0,0.0,553.0
ITEM-0004,ORD-0003,PROD-0011,6.0,189.0,0.0,1134.0
ITEM-0005,ORD-0003,PROD-0006,19.0,49.0,0.0,931.0
ITEM-0006,ORD-0003,PROD-0019,15.0,45.0,0.0,675.0
ITEM-0007,ORD-0004,PROD-0028,1.0,999.0,0.0,999.0
ITEM-0008,ORD-0004,PROD-0016,1.0,499.0,0.0,499.0
ITEM-0009,ORD-0004,PROD-0002,,2499.0,0.0,2499.0
ITEM-0010,ORD-0005,PROD-0007,1.0,89999.0,4499.95,85499.05
ITEM-0011,ORD-0006,PROD-0003,1.0,3999.0,0.0,3999.0
ITEM-0012,ORD-0007,PROD-0018,1.0,699.0,0.0,699.0
ITEM-0013,ORD-0008,PROD-0010,1.0,1799.0,0.0,1799.0
ITEM-0014,ORD-0009,PROD-0017,1.0,59.0,0.0,59.0
ITEM-0015,ORD-0010,PROD-0008,2.0,499.0,0.0,998.0
ITEM-0016,ORD-0011,PROD-0013,3.0,1499.0,224.85,4272.15
ITEM-0017,ORD-0011,PROD-0014,1.0,1999.0,99.95,1899.05
ITEM-0018,ORD-0012,PROD-0005,1.0,14999.0,0.0,14999.0
ITEM-0019,ORD-0013,PROD-0013,2.0,1499.0,0.0,2998.0
ITEM-0020,ORD-0013,PROD-0005,1.0,14999.0,749.95,14249.05
ITEM-0021,ORD-0013,PROD-0009,1.0,4499.0,0.0,4499.0
ITEM-0022,ORD-0014,PROD-0022,2.0,899.0,0.0,1798.0
ITEM-0023,ORD-0015,PROD-0010,3.0,1799.0,0.0,5397.0
ITEM-0024,ORD-0016,PROD-0002,2.0,2499.0,0.0,4998.0
ITEM-0025,ORD-0017,PROD-0029,1.0,99.0,0.0,99.0
ITEM-0026,ORD-0018,PROD-0020,1.0,5499.0,0.0,5499.0
ITEM-0027,ORD-0019,PROD-0023,1.0,3299.0,0.0,3299.0
ITEM-0028,ORD-0020,PROD-0018,1.0,699.0,0.0,699.0
ITEM-0029,ORD-0020,PROD-0014,1.0,1999.0,0.0,1999.0
ITEM-0030,ORD-0021,PROD-0009,1.0,4499.0,0.0,4499.0
ITEM-0031,ORD-0022,PROD-0010,1.0,1799.0,0.0,1799.0
ITEM-0032,ORD-0023,PROD-0027,1.0,3999.0,0.0,3999.0
ITEM-0033,ORD-0024,PROD-0010,1.0,1799.0,0.0,1799.0
ITEM-0034,ORD-0025,PROD-0005,1.0,14999.0,749.95,14249.05
ITEM-0035,ORD-0025,PROD-0028,2.0,999.0,0.0,1998.0
ITEM-0036,ORD-0026,PROD-0017,1.0,59.0,0.0,59.0
ITEM-0037,ORD-0027,PROD-0001,1.0,7999.0,399.95,7599.05
ITEM-0038,ORD-0027,PROD-0028,2.0,999.0,0.0,1998.0
ITEM-0039,ORD-0027,PROD-0022,1.0,899.0,0.0,899.0
ITEM-0040,ORD-0028,PROD-0013,2.0,1499.0,0.0,2998.0
ITEM-0041,ORD-0029,PROD-0006,15.0,49.0,0.0,735.0
ITEM-0042,ORD-0029,PROD-0029,17.0,99.0,0.0,1683.0
ITEM-0043,ORD-0030,PROD-0006,,49.0,0.0,49.0
ITEM-0044,ORD-0030,PROD-0029,1.0,99.0,0.0,99.0
ITEM-0045,ORD-0031,PROD-0018,2.0,699.0,0.0,1398.0
ITEM-0046,ORD-0032,PROD-0007,1.0,89999.0,0.0,89999.0
ITEM-0047,ORD-0033,PROD-0012,1.0,899.0,0.0,899.0
ITEM-0048,ORD-0033,PROD-0025,1.0,249.0,0.0,249.0
ITEM-0049,ORD-0033,PROD-0008,1.0,499.0,0.0,499.0
ITEM-0050,ORD-0034,PROD-0017,1.0,59.0,2.95,56.05
ITEM-0051,ORD-0034,PROD-0019,1.0,45.0,0.0,45.0
ITEM-0052,ORD-0035,PROD-0029,1.0,99.0,4.95,94.05
ITEM-0053,ORD-0036,PROD-0005,1.0,14999.0,0.0,14999.0
ITEM-0054,ORD-0037,PROD-0009,2.0,4499.0,0.0,8998.0
ITEM-0055,ORD-0038,PROD-0001,3.0,7999.0,0.0,23997.0
ITEM-0056,ORD-0038,PROD-0027,1.0,3999.0,0.0,3999.0
ITEM-0057,ORD-0038,PROD-0016,1.0,499.0,0.0,499.0
ITEM-0058,ORD-0039,PROD-0005,1.0,14999.0,0.0,14999.0
ITEM-0059,ORD-0039,PROD-0010,1.0,1799.0,0.0,1799.0
ITEM-0060,ORD-0040,PROD-0015,2.0,2899.0,0.0,5798.0
ITEM-0061,ORD-0041,PROD-9999,1.0,699.0,0.0,699.0
ITEM-0062,ORD-0042,PROD-0002,1.0,2499.0,124.95,2374.05
ITEM-0063,ORD-0043,PROD-0023,1.0,3299.0,0.0,3299.0
ITEM-0064,ORD-0044,PROD-0014,1.0,1999.0,0.0,1999.0
ITEM-0065,ORD-0044,PROD-0027,1.0,3999.0,0.0,3999.0
ITEM-0066,ORD-0044,PROD-0013,2.0,1499.0,0.0,2998.0
ITEM-0067,ORD-0045,PROD-0009,1.0,4499.0,0.0,4499.0
ITEM-0068,ORD-0046,PROD-0016,1.0,499.0,0.0,499.0
ITEM-0069,ORD-0046,PROD-0003,1.0,3999.0,0.0,3999.0
ITEM-0070,ORD-0047,PROD-0018,1.0,699.0,0.0,699.0
ITEM-0071,ORD-0048,PROD-0012,2.0,899.0,89.9,1708.1
ITEM-0072,ORD-0049,PROD-0022,1.0,899.0,44.95,854.05
ITEM-0073,ORD-0049,PROD-0002,1.0,2499.0,0.0,2499.0
ITEM-0074,ORD-0050,PROD-0019,1.0,45.0,0.0,45.0
ITEM-0075,ORD-0051,PROD-0007,1.0,89999.0,0.0,89999.0
ITEM-0076,ORD-0052,PROD-0014,16.0,1999.0,0.0,31984.0
ITEM-0077,ORD-0052,PROD-0015,11.0,2899.0,0.0,31889.0
ITEM-0078,ORD-0052,PROD-0001,17.0,7999.0,0.0,135983.0
ITEM-0079,ORD-0052,PROD-0021,6.0,1999.0,599.7,11394.3
ITEM-0080,ORD-0053,PROD-0006,1.0,49.0,0.0,49.0
ITEM-0081,ORD-0053,PROD-0011,1.0,189.0,0.0,189.0
ITEM-0082,ORD-0054,PROD-0013,1.0,1499.0,74.95,1424.05
ITEM-0083,ORD-0055,PROD-0002,1.0,2499.0,0.0,2499.0
ITEM-0084,ORD-0055,PROD-0024,1.0,1199.0,59.95,1139.05
ITEM-0085,ORD-0056,PROD-0029,11.0,99.0,54.45,1034.55
ITEM-0086,ORD-0056,PROD-0008,15.0,-150.0,0.0,-2250.0
ITEM-0087,ORD-0057,PROD-0023,1.0,3299.0,0.0,3299.0
ITEM-0088,ORD-0057,PROD-0016,1.0,499.0,0.0,499.0
ITEM-0089,ORD-0058,PROD-0030,2.0,2799.0,0.0,5598.0
ITEM-0090,ORD-0059,PROD-0029,3.0,99.0,0.0,297.0
ITEM-0091,ORD-0059,PROD-0004,1.0,129.0,0.0,129.0
ITEM-0092,ORD-0059,PROD-0012,1.0,899.0,0.0,899.0
ITEM-0093,ORD-0060,PROD-0015,17.0,2899.0,0.0,49283.0
ITEM-0094,ORD-0060,PROD-0010,9.0,1799.0,0.0,16191.0
ITEM-0095,ORD-0060,PROD-0013,14.0,1499.0,0.0,20986.0
ITEM-0096,ORD-0060,PROD-0005,7.0,14999.0,0.0,104993.0
ITEM-0097,ORD-0060,PROD-0022,19.0,899.0,0.0,17081.0
ITEM-0098,ORD-0061,PROD-0002,1.0,2499.0,124.95,2374.05
ITEM-0099,ORD-0061,PROD-0021,2.0,1999.0,0.0,3998.0
ITEM-0100,ORD-0062,PROD-0020,5.0,5499.0,0.0,27495.0
ITEM-0101,ORD-0062,PROD-0014,10.0,1999.0,0.0,19990.0
ITEM-0102,ORD-0062,PROD-0009,20.0,4499.0,0.0,89980.0
ITEM-0103,ORD-0063,PROD-0006,1.0,49.0,0.0,49.0
ITEM-0104,ORD-0064,PROD-0025,3.0,249.0,0.0,747.0
ITEM-0105,ORD-0064,PROD-0008,1.0,499.0,0.0,499.0
ITEM-0106,ORD-0064,PROD-0019,3.0,45.0,0.0,135.0
ITEM-0107,ORD-0065,PROD-0003,1.0,3999.0,0.0,3999.0
ITEM-0108,ORD-0065,PROD-0001,2.0,7999.0,0.0,15998.0
ITEM-0109,ORD-0065,PROD-0030,1.0,2799.0,139.95,2659.05
ITEM-0110,ORD-0066,PROD-0022,2.0,899.0,0.0,1798.0
ITEM-0111,ORD-0066,PROD-0027,2.0,3999.0,399.9,7598.1
ITEM-0112,ORD-0067,PROD-0009,1.0,4499.0,0.0,4499.0
ITEM-0113,ORD-0067,PROD-0013,1.0,1499.0,0.0,1499.0
ITEM-0114,ORD-0067,PROD-0010,1.0,1799.0,0.0,1799.0
ITEM-0115,ORD-0068,PROD-0005,1.0,14999.0,0.0,14999.0
ITEM-0116,ORD-0069,PROD-0028,3.0,999.0,0.0,2997.0
ITEM-0117,ORD-0070,PROD-0030,1.0,2799.0,0.0,2799.0
ITEM-0118,ORD-0071,PROD-0014,1.0,1999.0,0.0,1999.0
ITEM-0119,ORD-0072,PROD-0015,1.0,2899.0,144.95,2754.05
ITEM-0120,ORD-0073,PROD-0005,2.0,14999.0,0.0,29998.0
ITEM-0121,ORD-0074,PROD-0008,1.0,499.0,0.0,499.0
ITEM-0122,ORD-0075,PROD-0003,1.0,3999.0,0.0,3999.0
ITEM-0123,ORD-0075,PROD-0007,1.0,89999.0,0.0,89999.0
ITEM-0124,ORD-0076,PROD-0002,1.0,2499.0,0.0,2499.0
ITEM-0125,ORD-0076,PROD-0001,1.0,7999.0,0.0,7999.0
ITEM-0126,ORD-0077,PROD-0006,1.0,49.0,0.0,49.0
ITEM-0127,ORD-0078,PROD-0017,1.0,59.0,0.0,59.0
ITEM-0128,ORD-0078,PROD-0025,1.0,249.0,0.0,249.0
ITEM-0129,ORD-0079,PROD-0018,1.0,699.0,34.95,664.05
ITEM-0130,ORD-0080,PROD-0023,12.0,3299.0,0.0,39588.0
ITEM-0131,ORD-0080,PROD-0028,15.0,999.0,0.0,14985.0
ITEM-0132,ORD-0080,PROD-0010,15.0,1799.0,0.0,26985.0
ITEM-0133,ORD-0080,PROD-0021,9.0,1999.0,0.0,17991.0
ITEM-0134,ORD-0081,PROD-0028,2.0,999.0,0.0,1998.0
ITEM-0135,ORD-0081,PROD-0021,1.0,1999.0,99.95,1899.05
ITEM-0136,ORD-0082,PROD-0017,2.0,59.0,0.0,118.0
ITEM-0137,ORD-0082,PROD-0026,3.0,79.0,0.0,237.0
ITEM-0138,ORD-0083,PROD-0026,1.0,79.0,3.95,75.05
ITEM-0139,ORD-0084,PROD-0017,2.0,59.0,0.0,118.0
ITEM-0140,ORD-0085,PROD-0021,1.0,1999.0,0.0,1999.0
ITEM-0141,ORD-0085,PROD-0010,1.0,1799.0,0.0,1799.0
ITEM-0142,ORD-0086,PROD-0014,1.0,1999.0,0.0,1999.0
ITEM-0143,ORD-0086,PROD-0022,1.0,899.0,0.0,899.0
ITEM-0144,ORD-0087,PROD-0004,1.0,129.0,0.0,129.0
ITEM-0145,ORD-0087,PROD-0029,1.0,99.0,0.0,99.0
ITEM-0146,ORD-0087,PROD-0019,1.0,45.0,0.0,45.0
ITEM-0147,ORD-0088,PROD-0017,1.0,59.0,2.95,56.05
ITEM-0148,ORD-0088,PROD-0012,2.0,899.0,89.9,1708.1
ITEM-0149,ORD-0089,PROD-0008,2.0,499.0,0.0,998.0
ITEM-0150,ORD-0089,PROD-0017,2.0,59.0,0.0,118.0
ITEM-0151,ORD-0090,PROD-0027,2.0,3999.0,0.0,7998.0
ITEM-0152,ORD-0090,PROD-0003,1.0,3999.0,199.95,3799.05
ITEM-0153,ORD-0091,PROD-0002,1.0,2499.0,0.0,2499.0
ITEM-0154,ORD-0091,PROD-0015,2.0,2899.0,289.9,5508.1
ITEM-0155,ORD-0092,PROD-0021,1.0,1999.0,0.0,1999.0
ITEM-0156,ORD-0093,PROD-0007,2.0,89999.0,8999.9,170998.1
ITEM-0157,ORD-0093,PROD-0014,1.0,1999.0,0.0,1999.0
ITEM-0158,ORD-0094,PROD-0001,8.0,7999.0,0.0,63992.0
ITEM-0159,ORD-0094,PROD-0018,6.0,699.0,0.0,4194.0
ITEM-0160,ORD-0094,PROD-0023,20.0,3299.0,0.0,65980.0
ITEM-0161,ORD-0094,PROD-0013,7.0,1499.0,0.0,10493.0
ITEM-0162,ORD-0095,PROD-0023,2.0,3299.0,0.0,6598.0
ITEM-0163,ORD-0096,PROD-0016,15.0,499.0,0.0,7485.0
ITEM-0164,ORD-0096,PROD-0023,9.0,3299.0,0.0,29691.0
ITEM-0165,ORD-0096,PROD-0002,7.0,2499.0,0.0,17493.0
ITEM-0166,ORD-0096,PROD-0001,16.0,7999.0,6399.2,121584.8
ITEM-0167,ORD-0096,PROD-0018,18.0,699.0,0.0,12582.0
ITEM-0168,ORD-0097,PROD-0007,20.0,89999.0,0.0,1799980.0
ITEM-0169,ORD-0097,PROD-0022,17.0,899.0,0.0,15283.0
ITEM-0170,ORD-0097,PROD-0027,17.0,3999.0,3399.15,64583.85
ITEM-0171,ORD-0097,PROD-0023,14.0,3299.0,0.0,46186.0
ITEM-0172,ORD-0097,PROD-0030,7.0,2799.0,979.65,18613.35
ITEM-0173,ORD-0098,PROD-0021,1.0,1999.0,0.0,1999.0
ITEM-0174,ORD-0098,PROD-0013,1.0,1499.0,74.95,1424.05
ITEM-0175,ORD-0098,PROD-0030,1.0,2799.0,0.0,2799.0
ITEM-0176,ORD-0099,PROD-0028,17.0,999.0,849.15,16133.85
ITEM-0177,ORD-0099,PROD-0015,18.0,2899.0,0.0,52182.0
ITEM-0178,ORD-0099,PROD-0024,7.0,1199.0,0.0,8393.0
ITEM-0179,ORD-0099,PROD-0022,12.0,899.0,0.0,10788.0
ITEM-0180,ORD-0100,PROD-0027,1.0,3999.0,0.0,3999.0
ITEM-0181,ORD-0101,PROD-0016,1.0,499.0,0.0,499.0
ITEM-0182,ORD-0102,PROD-0007,1.0,89999.0,0.0,89999.0
ITEM-0183,ORD-0102,PROD-0021,2.0,1999.0,0.0,3998.0
ITEM-0184,ORD-0102,PROD-0015,1.0,2899.0,0.0,2899.0
ITEM-0185,ORD-0103,PROD-0021,16.0,1999.0,1599.2,30384.8
ITEM-0186,ORD-0103,PROD-0027,11.0,3999.0,0.0,43989.0
ITEM-0187,ORD-0103,PROD-0013,10.0,1499.0,0.0,14990.0
ITEM-0188,ORD-0103,PROD-0003,5.0,3999.0,0.0,19995.0
ITEM-0189,ORD-0103,PROD-0015,19.0,2899.0,0.0,55081.0
ITEM-0190,ORD-0104,PROD-0014,1.0,1999.0,0.0,1999.0
ITEM-0191,ORD-0105,PROD-0009,2.0,4499.0,0.0,8998.0
ITEM-0192,ORD-0105,PROD-0002,2.0,2499.0,249.9,4748.1
ITEM-0193,ORD-0106,PROD-0004,2.0,129.0,0.0,258.0
ITEM-0194,ORD-0107,PROD-0026,1.0,79.0,0.0,79.0
ITEM-0195,ORD-0108,PROD-0027,1.0,3999.0,0.0,3999.0
ITEM-0196,ORD-0109,PROD-0028,1.0,999.0,0.0,999.0
ITEM-0197,ORD-0110,PROD-0027,1.0,3999.0,0.0,3999.0
ITEM-0198,ORD-0110,PROD-0001,1.0,7999.0,0.0,7999.0
ITEM-0199,ORD-0110,PROD-0014,1.0,1999.0,0.0,1999.0
ITEM-0200,ORD-0111,PROD-0002,1.0,2499.0,0.0,2499.0
ITEM-0201,ORD-0111,PROD-0001,1.0,7999.0,0.0,7999.0
ITEM-0202,ORD-0112,PROD-0022,1.0,899.0,0.0,899.0
ITEM-0203,ORD-0113,PROD-0026,1.0,79.0,3.95,75.05
ITEM-0204,ORD-0114,PROD-0026,1.0,79.0,0.0,79.0
ITEM-0205,ORD-0115,PROD-0003,1.0,3999.0,0.0,3999.0
ITEM-0206,ORD-0115,PROD-0013,1.0,1499.0,0.0,1499.0
ITEM-0207,ORD-0116,PROD-0019,17.0,45.0,0.0,765.0
ITEM-0208,ORD-0116,PROD-0026,20.0,79.0,0.0,1580.0
ITEM-0209,ORD-0116,PROD-0011,20.0,189.0,0.0,3780.0
ITEM-0210,ORD-0117,PROD-0021,1.0,1999.0,99.95,1899.05
ITEM-0211,ORD-0118,PROD-0009,3.0,4499.0,0.0,13497.0
ITEM-0212,ORD-0119,PROD-0028,1.0,999.0,0.0,999.0
ITEM-0213,ORD-0119,PROD-0021,1.0,1999.0,0.0,1999.0
ITEM-0214,ORD-0120,PROD-0010,1.0,1799.0,0.0,1799.0
ITEM-0215,ORD-0120,PROD-0014,1.0,1999.0,0.0,1999.0
ITEM-0216,ORD-0121,PROD-0006,1.0,49.0,0.0,49.0
ITEM-0217,ORD-0122,PROD-0003,2.0,3999.0,0.0,7998.0
ITEM-0218,ORD-0123,PROD-0012,2.0,899.0,0.0,1798.0
ITEM-0219,ORD-0123,PROD-0004,1.0,129.0,0.0,129.0
ITEM-0220,ORD-0124,PROD-0018,1.0,699.0,0.0,699.0
ITEM-0221,ORD-0125,PROD-0005,1.0,14999.0,0.0,14999.0
ITEM-0222,ORD-0126,PROD-0012,1.0,899.0,0.0,899.0
ITEM-0223,ORD-0127,PROD-0012,2.0,899.0,0.0,1798.0
ITEM-0224,ORD-0128,PROD-0011,1.0,189.0,0.0,189.0
ITEM-0225,ORD-0128,PROD-0019,2.0,45.0,4.5,85.5
ITEM-0226,ORD-0129,PROD-0022,1.0,899.0,0.0,899.0
ITEM-0227,ORD-0129,PROD-0020,1.0,5499.0,274.95,5224.05
ITEM-0228,ORD-0130,PROD-0024,1.0,1199.0,59.95,1139.05
ITEM-0229,ORD-0131,PROD-0001,2.0,7999.0,0.0,15998.0
ITEM-0230,ORD-0132,PROD-0024,1.0,1199.0,59.95,1139.05
ITEM-0231,ORD-0132,PROD-0016,1.0,499.0,0.0,499.0
ITEM-0232,ORD-0133,PROD-0011,3.0,189.0,0.0,567.0
ITEM-0233,ORD-0134,PROD-0023,1.0,3299.0,0.0,3299.0
ITEM-0234,ORD-0134,PROD-0010,1.0,1799.0,0.0,1799.0
ITEM-0235,ORD-0135,PROD-0005,1.0,14999.0,0.0,14999.0
ITEM-0236,ORD-0136,PROD-0003,1.0,3999.0,0.0,3999.0
ITEM-0237,ORD-0136,PROD-0030,1.0,2799.0,0.0,2799.0
ITEM-0238,ORD-0137,PROD-0015,2.0,2899.0,0.0,5798.0
ITEM-0239,ORD-0138,PROD-0017,1.0,59.0,0.0,59.0
ITEM-0240,ORD-0138,PROD-0006,1.0,49.0,0.0,49.0
ITEM-0241,ORD-0139,PROD-0004,1.0,129.0,0.0,129.0
ITEM-0242,ORD-0140,PROD-0029,1.0,99.0,0.0,99.0
ITEM-0243,ORD-0140,PROD-0006,1.0,49.0,2.45,46.55
ITEM-0244,ORD-0141,PROD-0030,1.0,2799.0,139.95,2659.05
ITEM-0245,ORD-0141,PROD-0028,2.0,999.0,0.0,1998.0
ITEM-0246,ORD-0142,PROD-0004,1.0,129.0,6.45,122.55
ITEM-0247,ORD-0142,PROD-0017,1.0,59.0,0.0,59.0
ITEM-0248,ORD-0143,PROD-0027,1.0,3999.0,199.95,3799.05
ITEM-0249,ORD-0144,PROD-0025,3.0,249.0,37.35,709.65
ITEM-0250,ORD-0145,PROD-0007,2.0,89999.0,0.0,179998.0
ITEM-0251,ORD-0146,PROD-0021,1.0,1999.0,0.0,1999.0
ITEM-0252,ORD-0147,PROD-0027,11.0,3999.0,0.0,43989.0
ITEM-0253,ORD-0147,PROD-0023,12.0,3299.0,1979.4,37608.6
ITEM-0254,ORD-0147,PROD-0018,18.0,699.0,629.1,11952.9
ITEM-0255,ORD-0147,PROD-0010,16.0,1799.0,0.0,28784.0
ITEM-0256,ORD-0147,PROD-0005,5.0,14999.0,0.0,74995.0
ITEM-0257,ORD-0148,PROD-0020,3.0,5499.0,824.85,15672.15
ITEM-0258,ORD-0148,PROD-0009,1.0,4499.0,224.95,4274.05
ITEM-0259,ORD-0148,PROD-0021,1.0,1999.0,0.0,1999.0
ITEM-0260,ORD-0149,PROD-0022,1.0,899.0,0.0,899.0
ITEM-0261,ORD-0149,PROD-0028,1.0,999.0,0.0,999.0
ITEM-0262,ORD-0150,PROD-0002,1.0,2499.0,124.95,2374.05
ITEM-0263,ORD-0151,PROD-0016,1.0,499.0,0.0,499.0
ITEM-0264,ORD-0152,PROD-0022,3.0,899.0,0.0,2697.0
ITEM-0265,ORD-0152,PROD-0007,1.0,89999.0,0.0,89999.0
ITEM-0266,ORD-0153,PROD-0015,1.0,2899.0,0.0,2899.0
ITEM-0267,ORD-0154,PROD-0018,1.0,699.0,0.0,699.0
ITEM-0268,ORD-0155,PROD-0018,1.0,699.0,0.0,699.0
ITEM-0269,ORD-0156,PROD-0019,1.0,45.0,0.0,45.0
ITEM-0270,ORD-0157,PROD-0020,1.0,5499.0,274.95,5224.05
ITEM-0271,ORD-0158,PROD-0010,2.0,1799.0,0.0,3598.0
ITEM-0272,ORD-0158,PROD-0023,3.0,3299.0,0.0,9897.0
ITEM-0273,ORD-0159,PROD-0003,1.0,3999.0,0.0,3999.0
ITEM-0274,ORD-0160,PROD-0019,3.0,45.0,6.75,128.25
ITEM-0275,ORD-0160,PROD-0011,1.0,189.0,0.0,189.0
ITEM-0276,ORD-0160,PROD-0006,2.0,49.0,0.0,98.0
ITEM-0277,ORD-0161,PROD-0013,1.0,1499.0,0.0,1499.0
ITEM-0278,ORD-0162,PROD-0024,2.0,1199.0,0.0,2398.0
ITEM-0279,ORD-0162,PROD-0001,1.0,7999.0,399.95,7599.05
ITEM-0280,ORD-0163,PROD-0025,1.0,249.0,12.45,236.55
ITEM-0281,ORD-0163,PROD-0011,1.0,189.0,0.0,189.0
ITEM-0282,ORD-0163,PROD-0026,2.0,79.0,0.0,158.0
ITEM-0283,ORD-0164,PROD-0030,1.0,2799.0,0.0,2799.0
ITEM-0284,ORD-0165,PROD-0013,1.0,1499.0,74.95,1424.05
ITEM-0285,ORD-0165,PROD-0003,3.0,3999.0,0.0,11997.0
ITEM-0286,ORD-0165,PROD-0007,2.0,89999.0,0.0,179998.0
ITEM-0287,ORD-0166,PROD-0005,2.0,14999.0,0.0,29998.0
ITEM-0288,ORD-0166,PROD-0028,1.0,999.0,0.0,999.0
ITEM-0289,ORD-0167,PROD-0022,20.0,899.0,899.0,17081.0
ITEM-0290,ORD-0167,PROD-0009,7.0,4499.0,0.0,31493.0
ITEM-0291,ORD-0168,PROD-0013,1.0,1499.0,0.0,1499.0
ITEM-0292,ORD-0168,PROD-0007,1.0,89999.0,4499.95,85499.05
ITEM-0293,ORD-0169,PROD-0020,2.0,5499.0,0.0,10998.0
ITEM-0294,ORD-0169,PROD-0027,1.0,3999.0,0.0,3999.0
ITEM-0295,ORD-0169,PROD-0023,1.0,3299.0,0.0,3299.0
ITEM-0296,ORD-0170,PROD-0026,15.0,79.0,0.0,1185.0
ITEM-0297,ORD-0170,PROD-0029,8.0,99.0,39.6,752.4
ITEM-0298,ORD-0171,PROD-0011,18.0,189.0,170.1,3231.9
ITEM-0299,ORD-0171,PROD-0019,8.0,45.0,0.0,360.0
ITEM-0300,ORD-0171,PROD-0006,11.0,49.0,0.0,539.0
ITEM-0301,ORD-0172,PROD-0017,1.0,59.0,0.0,59.0
ITEM-0302,ORD-0173,PROD-0006,1.0,49.0,2.45,46.55
ITEM-0303,ORD-0173,PROD-0017,1.0,59.0,0.0,59.0
ITEM-0304,ORD-0174,PROD-0026,1.0,79.0,0.0,79.0
ITEM-0305,ORD-0175,PROD-0022,1.0,899.0,44.95,854.05
ITEM-0306,ORD-0175,PROD-0010,1.0,1799.0,89.95,1709.05
ITEM-0307,ORD-0176,PROD-0004,1.0,129.0,0.0,129.0
ITEM-0308,ORD-0177,PROD-0013,2.0,1499.0,149.9,2848.1
ITEM-0309,ORD-0178,PROD-0007,1.0,89999.0,4499.95,85499.05
ITEM-0310,ORD-0179,PROD-0018,1.0,699.0,0.0,699.0
ITEM-0311,ORD-0179,PROD-0014,2.0,1999.0,199.9,3798.1
ITEM-0312,ORD-0180,PROD-0020,1.0,5499.0,0.0,5499.0
ITEM-0313,ORD-0180,PROD-0001,1.0,7999.0,399.95,7599.05
ITEM-0314,ORD-0181,PROD-0009,2.0,4499.0,0.0,8998.0
ITEM-0315,ORD-0181,PROD-0015,1.0,2899.0,0.0,2899.0
ITEM-0316,ORD-0182,PROD-0005,1.0,14999.0,0.0,14999.0
ITEM-0317,ORD-0183,PROD-0027,1.0,3999.0,0.0,3999.0
ITEM-0318,ORD-0183,PROD-0013,1.0,1499.0,0.0,1499.0
ITEM-0319,ORD-0184,PROD-0001,1.0,7999.0,0.0,7999.0
ITEM-0320,ORD-0185,PROD-0014,2.0,1999.0,199.9,3798.1
ITEM-0321,ORD-0186,PROD-0008,1.0,499.0,0.0,499.0
ITEM-0322,ORD-0187,PROD-0023,1.0,3299.0,0.0,3299.0
ITEM-0323,ORD-0188,PROD-0024,1.0,1199.0,0.0,1199.0
ITEM-0324,ORD-0188,PROD-0002,1.0,2499.0,0.0,2499.0
ITEM-0325,ORD-0189,PROD-0017,3.0,59.0,0.0,177.0
ITEM-0326,ORD-0189,PROD-0026,1.0,79.0,3.95,75.05
ITEM-0327,ORD-0190,PROD-0012,1.0,899.0,0.0,899.0
ITEM-0328,ORD-0190,PROD-0011,2.0,189.0,0.0,378.0
ITEM-0329,ORD-0191,PROD-0004,3.0,129.0,0.0,387.0
ITEM-0330,ORD-0192,PROD-0014,1.0,1999.0,0.0,1999.0
ITEM-0331,ORD-0193,PROD-0005,2.0,14999.0,0.0,29998.0
ITEM-0332,ORD-0193,PROD-0023,1.0,3299.0,0.0,3299.0
ITEM-0333,ORD-0194,PROD-0005,3.0,14999.0,0.0,44997.0
ITEM-0334,ORD-0195,PROD-0027,1.0,3999.0,0.0,3999.0
ITEM-0335,ORD-0196,PROD-0005,1.0,14999.0,0.0,14999.0
ITEM-0336,ORD-0196,PROD-0009,1.0,4499.0,0.0,4499.0
ITEM-0337,ORD-0197,PROD-0026,1.0,79.0,0.0,79.0
ITEM-0338,ORD-0198,PROD-0004,2.0,129.0,12.9,245.1
ITEM-0339,ORD-0199,PROD-0007,7.0,89999.0,0.0,629993.0
ITEM-0340,ORD-0199,PROD-0018,10.0,699.0,0.0,6990.0
ITEM-0341,ORD-0199,PROD-0028,6.0,999.0,299.7,5694.3
ITEM-0342,ORD-0200,PROD-0012,1.0,899.0,0.0,899.0
ITEM-0343,ORD-0201,PROD-0015,2.0,2899.0,0.0,5798.0
ITEM-0344,ORD-0201,PROD-0002,1.0,2499.0,124.95,2374.05
ITEM-0345,ORD-0201,PROD-0003,1.0,3999.0,0.0,3999.0
ITEM-0346,ORD-0202,PROD-0007,1.0,89999.0,0.0,89999.0
ITEM-0347,ORD-0203,PROD-0028,1.0,999.0,49.95,949.05
ITEM-0348,ORD-0203,PROD-0007,2.0,89999.0,0.0,179998.0
ITEM-0349,ORD-0203,PROD-0001,1.0,7999.0,0.0,7999.0
ITEM-0350,ORD-0204,PROD-0008,6.0,499.0,0.0,2994.0
ITEM-0351,ORD-0204,PROD-0019,13.0,45.0,0.0,585.0
ITEM-0352,ORD-0204,PROD-0017,6.0,59.0,0.0,354.0
ITEM-0353,ORD-0204,PROD-0006,6.0,49.0,0.0,294.0
ITEM-0354,ORD-0205,PROD-0023,1.0,3299.0,164.95,3134.05
ITEM-0355,ORD-0206,PROD-0006,1.0,49.0,0.0,49.0
ITEM-0356,ORD-0206,PROD-0008,2.0,499.0,0.0,998.0
ITEM-0357,ORD-0207,PROD-0003,1.0,3999.0,0.0,3999.0
ITEM-0358,ORD-0208,PROD-0027,1.0,3999.0,0.0,3999.0
ITEM-0359,ORD-0209,PROD-0021,2.0,1999.0,0.0,3998.0
ITEM-0360,ORD-0209,PROD-0027,1.0,3999.0,0.0,3999.0
ITEM-0361,ORD-0210,PROD-0028,1.0,999.0,0.0,999.0
ITEM-0362,ORD-0210,PROD-0021,1.0,1999.0,0.0,1999.0
ITEM-0363,ORD-0211,PROD-0008,1.0,499.0,0.0,499.0
ITEM-0364,ORD-0211,PROD-0011,1.0,189.0,0.0,189.0
ITEM-0365,ORD-0212,PROD-0019,1.0,45.0,0.0,45.0
ITEM-0366,ORD-0212,PROD-0017,1.0,59.0,0.0,59.0
ITEM-0367,ORD-0213,PROD-0011,1.0,189.0,9.45,179.55
ITEM-0368,ORD-0214,PROD-0018,1.0,699.0,0.0,699.0
ITEM-0369,ORD-0215,PROD-0016,1.0,499.0,0.0,499.0
ITEM-0370,ORD-0215,PROD-0005,1.0,14999.0,0.0,14999.0
ITEM-0371,ORD-0216,PROD-0010,1.0,1799.0,0.0,1799.0
ITEM-0372,ORD-0216,PROD-0018,2.0,699.0,0.0,1398.0
ITEM-0373,ORD-0217,PROD-0012,1.0,899.0,0.0,899.0
ITEM-0374,ORD-0217,PROD-0011,1.0,189.0,0.0,189.0
ITEM-0375,ORD-0218,PROD-0006,1.0,49.0,0.0,49.0
ITEM-0376,ORD-0219,PROD-0014,1.0,1999.0,0.0,1999.0
ITEM-0377,ORD-0219,PROD-0021,1.0,1999.0,0.0,1999.0
ITEM-0378,ORD-0220,PROD-0016,19.0,499.0,474.05,9006.95
ITEM-0379,ORD-0220,PROD-0022,12.0,899.0,539.4,10248.6
ITEM-0380,ORD-0220,PROD-0024,16.0,1199.0,0.0,19184.0
ITEM-0381,ORD-0220,PROD-0013,14.0,1499.0,0.0,20986.0
ITEM-0382,ORD-0221,PROD-0021,1.0,1999.0,0.0,1999.0
ITEM-0383,ORD-0221,PROD-0009,1.0,4499.0,0.0,4499.0
ITEM-0384,ORD-0222,PROD-0016,1.0,499.0,24.95,474.05
ITEM-0385,ORD-0222,PROD-0027,2.0,3999.0,0.0,7998.0
ITEM-0386,ORD-0223,PROD-0028,1.0,999.0,0.0,999.0
ITEM-0387,ORD-0224,PROD-0023,1.0,3299.0,0.0,3299.0
ITEM-0388,ORD-0224,PROD-0027,3.0,3999.0,0.0,11997.0
ITEM-0389,ORD-0225,PROD-0008,1.0,499.0,0.0,499.0
ITEM-0390,ORD-0225,PROD-0006,1.0,49.0,0.0,49.0
ITEM-0391,ORD-0225,PROD-0004,1.0,129.0,0.0,129.0
ITEM-0392,ORD-0226,PROD-0021,1.0,1999.0,0.0,1999.0
ITEM-0393,ORD-0227,PROD-0026,1.0,79.0,0.0,79.0
ITEM-0394,ORD-0228,PROD-0011,1.0,189.0,0.0,189.0
ITEM-0395,ORD-0228,PROD-0008,1.0,499.0,0.0,499.0
ITEM-0396,ORD-0229,PROD-0015,2.0,2899.0,0.0,5798.0
ITEM-0397,ORD-0230,PROD-0001,1.0,7999.0,399.95,7599.05
ITEM-0398,ORD-0231,PROD-0007,1.0,89999.0,0.0,89999.0
ITEM-0399,ORD-0232,PROD-0014,1.0,1999.0,99.95,1899.05
ITEM-0400,ORD-0232,PROD-0018,1.0,699.0,0.0,699.0
ITEM-0401,ORD-0232,PROD-0021,1.0,1999.0,99.95,1899.05
ITEM-0402,ORD-0233,PROD-0027,1.0,3999.0,0.0,3999.0
ITEM-0403,ORD-0233,PROD-0002,1.0,2499.0,0.0,2499.0
ITEM-0404,ORD-0233,PROD-0028,1.0,999.0,0.0,999.0
ITEM-0405,ORD-0234,PROD-0025,1.0,249.0,0.0,249.0
ITEM-0406,ORD-0234,PROD-0008,1.0,499.0,0.0,499.0
ITEM-0407,ORD-0235,PROD-0029,1.0,99.0,0.0,99.0
ITEM-0408,ORD-0236,PROD-0030,3.0,2799.0,0.0,8397.0
ITEM-0409,ORD-0236,PROD-0001,1.0,7999.0,0.0,7999.0
ITEM-0410,ORD-0237,PROD-0026,2.0,79.0,7.9,150.1
ITEM-0411,ORD-0238,PROD-0028,8.0,999.0,0.0,7992.0
ITEM-0412,ORD-0238,PROD-0018,18.0,699.0,0.0,12582.0
ITEM-0413,ORD-0238,PROD-0020,7.0,5499.0,0.0,38493.0
ITEM-0414,ORD-0238,PROD-0015,9.0,2899.0,1304.55,24786.45
ITEM-0415,ORD-0238,PROD-0027,15.0,3999.0,2999.25,56985.75
ITEM-0416,ORD-0239,PROD-0018,1.0,699.0,0.0,699.0
ITEM-0417,ORD-0239,PROD-0023,1.0,3299.0,0.0,3299.0
ITEM-0418,ORD-0239,PROD-0016,1.0,499.0,24.95,474.05
ITEM-0419,ORD-0240,PROD-0024,1.0,1199.0,0.0,1199.0
ITEM-0420,ORD-0241,PROD-0022,1.0,899.0,0.0,899.0
ITEM-0421,ORD-0242,PROD-0010,2.0,1799.0,0.0,3598.0
ITEM-0422,ORD-0242,PROD-0024,3.0,1199.0,179.85,3417.15
ITEM-0423,ORD-0242,PROD-0014,2.0,1999.0,199.9,3798.1
ITEM-0424,ORD-0243,PROD-0011,1.0,189.0,0.0,189.0
ITEM-0425,ORD-0243,PROD-0025,2.0,249.0,0.0,498.0
ITEM-0426,ORD-0244,PROD-0020,1.0,5499.0,274.95,5224.05
ITEM-0427,ORD-0244,PROD-0024,2.0,1199.0,0.0,2398.0
ITEM-0428,ORD-0245,PROD-0017,3.0,59.0,0.0,177.0
ITEM-0429,ORD-0246,PROD-0017,1.0,59.0,0.0,59.0
ITEM-0430,ORD-0247,PROD-0026,18.0,79.0,0.0,1422.0
ITEM-0431,ORD-0247,PROD-0017,16.0,59.0,47.2,896.8
ITEM-0432,ORD-0247,PROD-0025,15.0,249.0,0.0,3735.0
ITEM-0433,ORD-0248,PROD-0025,2.0,249.0,24.9,473.1
ITEM-0434,ORD-0248,PROD-0006,1.0,49.0,0.0,49.0
ITEM-0435,ORD-0249,PROD-0014,1.0,1999.0,0.0,1999.0
ITEM-0436,ORD-0250,PROD-0028,1.0,999.0,0.0,999.0
ITEM-0437,ORD-0250,PROD-0021,2.0,1999.0,0.0,3998.0
ITEM-0438,ORD-0251,PROD-0013,9.0,1499.0,0.0,13491.0
ITEM-0439,ORD-0251,PROD-0016,10.0,499.0,0.0,4990.0
ITEM-0440,ORD-0251,PROD-0001,9.0,7999.0,0.0,71991.0
ITEM-0441,ORD-0252,PROD-0021,1.0,1999.0,0.0,1999.0
ITEM-0442,ORD-0253,PROD-0030,1.0,2799.0,0.0,2799.0
ITEM-0443,ORD-0253,PROD-0003,2.0,3999.0,0.0,7998.0
ITEM-0444,ORD-0254,PROD-0023,1.0,3299.0,0.0,3299.0
ITEM-0445,ORD-0254,PROD-0028,2.0,999.0,0.0,1998.0
ITEM-0446,ORD-0255,PROD-0027,1.0,3999.0,199.95,3799.05
ITEM-0447,ORD-0256,PROD-0011,2.0,189.0,0.0,378.0
ITEM-0448,ORD-0257,PROD-0019,1.0,45.0,2.25,42.75
ITEM-0449,ORD-0258,PROD-0008,3.0,499.0,0.0,1497.0
ITEM-0450,ORD-0259,PROD-0019,1.0,45.0,0.0,45.0
ITEM-0451,ORD-0260,PROD-0029,1.0,99.0,0.0,99.0
ITEM-0452,ORD-0260,PROD-0004,1.0,129.0,0.0,129.0
ITEM-0453,ORD-0261,PROD-0002,2.0,2499.0,0.0,4998.0
ITEM-0454,ORD-0262,PROD-0004,2.0,129.0,12.9,245.1
ITEM-0455,ORD-0263,PROD-0006,1.0,49.0,0.0,49.0
ITEM-0456,ORD-0264,PROD-0023,2.0,3299.0,0.0,6598.0
ITEM-0457,ORD-0264,PROD-0030,1.0,2799.0,0.0,2799.0
ITEM-0458,ORD-0264,PROD-0014,2.0,1999.0,0.0,3998.0
ITEM-0459,ORD-0265,PROD-0021,1.0,1999.0,99.95,1899.05
ITEM-0460,ORD-0265,PROD-0007,1.0,89999.0,0.0,89999.0
ITEM-0461,ORD-0266,PROD-0008,1.0,499.0,0.0,499.0
ITEM-0462,ORD-0266,PROD-0025,1.0,249.0,0.0,249.0
ITEM-0463,ORD-0267,PROD-0020,1.0,5499.0,0.0,5499.0
ITEM-0464,ORD-0267,PROD-0002,1.0,2499.0,124.95,2374.05
ITEM-0465,ORD-0267,PROD-0001,2.0,7999.0,799.9,15198.1
ITEM-0466,ORD-0268,PROD-0023,1.0,3299.0,0.0,3299.0
ITEM-0467,ORD-0269,PROD-0015,1.0,2899.0,144.95,2754.05
ITEM-0468,ORD-0270,PROD-0003,2.0,3999.0,399.9,7598.1
ITEM-0469,ORD-0271,PROD-0024,1.0,1199.0,59.95,1139.05
ITEM-0470,ORD-0272,PROD-0003,17.0,3999.0,0.0,67983.0
ITEM-0471,ORD-0272,PROD-0010,11.0,1799.0,0.0,19789.0
ITEM-0472,ORD-0272,PROD-0005,7.0,14999.0,0.0,104993.0
ITEM-0473,ORD-0272,PROD-0015,14.0,2899.0,0.0,40586.0
ITEM-0474,ORD-0273,PROD-0027,1.0,3999.0,199.95,3799.05
ITEM-0475,ORD-0274,PROD-0020,2.0,5499.0,0.0,10998.0
ITEM-0476,ORD-0274,PROD-0028,1.0,999.0,0.0,999.0
ITEM-0477,ORD-0274,PROD-0002,3.0,2499.0,0.0,7497.0
ITEM-0478,ORD-0275,PROD-0019,1.0,45.0,0.0,45.0
ITEM-0479,ORD-0276,PROD-0004,2.0,129.0,0.0,258.0
ITEM-0480,ORD-0277,PROD-0017,1.0,59.0,0.0,59.0
ITEM-0481,ORD-0277,PROD-0006,1.0,49.0,2.45,46.55
ITEM-0482,ORD-0277,PROD-0029,1.0,99.0,0.0,99.0
ITEM-0483,ORD-0278,PROD-0021,1.0,1999.0,0.0,1999.0
ITEM-0484,ORD-0278,PROD-0023,1.0,3299.0,0.0,3299.0
ITEM-0485,ORD-0278,PROD-0015,1.0,2899.0,144.95,2754.05
ITEM-0486,ORD-0279,PROD-0005,3.0,14999.0,0.0,44997.0
ITEM-0487,ORD-0280,PROD-0008,1.0,499.0,24.95,474.05
ITEM-0488,ORD-0280,PROD-0029,1.0,99.0,0.0,99.0
ITEM-0489,ORD-0281,PROD-0022,1.0,899.0,0.0,899.0
ITEM-0490,ORD-0282,PROD-0011,1.0,189.0,0.0,189.0
ITEM-0491,ORD-0283,PROD-0018,1.0,699.0,34.95,664.05
ITEM-0492,ORD-0284,PROD-0007,1.0,89999.0,0.0,89999.0
ITEM-0493,ORD-0284,PROD-0002,1.0,2499.0,0.0,2499.0
ITEM-0494,ORD-0285,PROD-0001,2.0,7999.0,799.9,15198.1
ITEM-0495,ORD-0286,PROD-0010,1.0,1799.0,0.0,1799.0
ITEM-0496,ORD-0287,PROD-0022,1.0,899.0,0.0,899.0
ITEM-0497,ORD-0288,PROD-0029,1.0,99.0,0.0,99.0
ITEM-0498,ORD-0288,PROD-0019,1.0,45.0,0.0,45.0
ITEM-0499,ORD-0289,PROD-0006,2.0,49.0,0.0,98.0
ITEM-0500,ORD-0289,PROD-0004,1.0,129.0,0.0,129.0
ITEM-0501,ORD-0290,PROD-0027,1.0,3999.0,199.95,3799.05
ITEM-0502,ORD-0290,PROD-0020,1.0,5499.0,274.95,5224.05
ITEM-0503,ORD-0290,PROD-0003,1.0,3999.0,0.0,3999.0
ITEM-0504,ORD-0291,PROD-0025,1.0,249.0,0.0,249.0
ITEM-0505,ORD-0291,PROD-0017,1.0,59.0,0.0,59.0
ITEM-0506,ORD-0292,PROD-0017,2.0,59.0,0.0,118.0
ITEM-0507,ORD-0293,PROD-0020,1.0,5499.0,0.0,5499.0
ITEM-0508,ORD-0293,PROD-0030,1.0,2799.0,0.0,2799.0
ITEM-0509,ORD-0294,PROD-0029,1.0,99.0,0.0,99.0
ITEM-0510,ORD-0295,PROD-0018,20.0,699.0,0.0,13980.0
ITEM-0511,ORD-0295,PROD-0022,18.0,899.0,0.0,16182.0
ITEM-0512,ORD-0295,PROD-0030,12.0,2799.0,0.0,33588.0
ITEM-0513,ORD-0295,PROD-0028,16.0,999.0,799.2,15184.8
ITEM-0514,ORD-0295,PROD-0009,18.0,4499.0,0.0,80982.0
ITEM-0515,ORD-0296,PROD-0023,2.0,3299.0,0.0,6598.0
ITEM-0516,ORD-0297,PROD-0005,1.0,14999.0,0.0,14999.0
ITEM-0517,ORD-0297,PROD-0021,1.0,1999.0,0.0,1999.0
ITEM-0518,ORD-0298,PROD-0021,1.0,1999.0,99.95,1899.05
ITEM-0519,ORD-0298,PROD-0009,1.0,4499.0,224.95,4274.05
ITEM-0520,ORD-0298,PROD-0024,1.0,1199.0,59.95,1139.05
ITEM-0521,ORD-0299,PROD-0026,2.0,79.0,7.9,150.1
ITEM-0522,ORD-0300,PROD-0011,1.0,189.0,0.0,189.0
ITEM-0523,ORD-0300,PROD-0012,1.0,899.0,0.0,899.0
ITEM-0524,ORD-0301,PROD-0017,1.0,59.0,0.0,59.0
ITEM-0525,ORD-0301,PROD-0025,1.0,249.0,0.0,249.0
ITEM-0526,ORD-0301,PROD-0026,1.0,79.0,3.95,75.05
ITEM-0527,ORD-0302,PROD-0013,1.0,1499.0,74.95,1424.05
ITEM-0528,ORD-0302,PROD-0014,1.0,1999.0,0.0,1999.0
ITEM-0529,ORD-0303,PROD-0025,1.0,249.0,12.45,236.55
ITEM-0530,ORD-0303,PROD-0004,2.0,129.0,0.0,258.0
ITEM-0531,ORD-0304,PROD-0007,1.0,89999.0,0.0,89999.0
ITEM-0532,ORD-0305,PROD-0024,2.0,1199.0,0.0,2398.0
ITEM-0533,ORD-0305,PROD-0030,1.0,2799.0,0.0,2799.0
ITEM-0534,ORD-0306,PROD-0017,1.0,59.0,0.0,59.0
ITEM-0535,ORD-0307,PROD-0008,7.0,499.0,0.0,3493.0
ITEM-0536,ORD-0307,PROD-0026,19.0,79.0,0.0,1501.0
ITEM-0537,ORD-0307,PROD-0012,13.0,899.0,0.0,11687.0
ITEM-0538,ORD-0308,PROD-0030,1.0,2799.0,0.0,2799.0
ITEM-0539,ORD-0309,PROD-0020,1.0,5499.0,274.95,5224.05
ITEM-0540,ORD-0310,PROD-0013,1.0,1499.0,0.0,1499.0
ITEM-0541,ORD-0311,PROD-0003,2.0,3999.0,0.0,7998.0
ITEM-0542,ORD-0311,PROD-0028,1.0,999.0,0.0,999.0
ITEM-0543,ORD-0311,PROD-0021,1.0,1999.0,0.0,1999.0
ITEM-0544,ORD-0312,PROD-0007,1.0,89999.0,0.0,89999.0
ITEM-0545,ORD-0312,PROD-0024,1.0,1199.0,59.95,1139.05
ITEM-0546,ORD-0313,PROD-0025,1.0,249.0,0.0,249.0
ITEM-0547,ORD-0314,PROD-0007,17.0,89999.0,0.0,1529983.0
ITEM-0548,ORD-0314,PROD-0014,10.0,1999.0,0.0,19990.0
ITEM-0549,ORD-0314,PROD-0016,19.0,499.0,0.0,9481.0
ITEM-0550,ORD-0315,PROD-0027,1.0,3999.0,0.0,3999.0
ITEM-0551,ORD-0315,PROD-0021,1.0,1999.0,0.0,1999.0
ITEM-0552,ORD-0316,PROD-0016,1.0,499.0,24.95,474.05
ITEM-0553,ORD-0317,PROD-0007,1.0,89999.0,0.0,89999.0
ITEM-0554,ORD-0317,PROD-0014,1.0,1999.0,0.0,1999.0
ITEM-0555,ORD-0318,PROD-0019,1.0,45.0,0.0,45.0
ITEM-0556,ORD-0319,PROD-0022,2.0,899.0,89.9,1708.1
ITEM-0557,ORD-0319,PROD-0018,2.0,699.0,0.0,1398.0
ITEM-0558,ORD-0320,PROD-0022,1.0,899.0,0.0,899.0
ITEM-0559,ORD-0321,PROD-0026,2.0,79.0,0.0,158.0
ITEM-0560,ORD-0321,PROD-0008,1.0,499.0,0.0,499.0
ITEM-0561,ORD-0322,PROD-0003,1.0,3999.0,0.0,3999.0
ITEM-0562,ORD-0323,PROD-0006,1.0,49.0,0.0,49.0
ITEM-0563,ORD-0324,PROD-0020,1.0,5499.0,0.0,5499.0
ITEM-0564,ORD-0325,PROD-0024,1.0,1199.0,0.0,1199.0
ITEM-0565,ORD-0325,PROD-0020,1.0,5499.0,0.0,5499.0
ITEM-0566,ORD-0325,PROD-0021,1.0,1999.0,0.0,1999.0
ITEM-0567,ORD-0326,PROD-0019,2.0,45.0,0.0,90.0
ITEM-0568,ORD-0327,PROD-0010,1.0,1799.0,89.95,1709.05
ITEM-0569,ORD-0328,PROD-0013,1.0,1499.0,0.0,1499.0
ITEM-0570,ORD-0329,PROD-0009,17.0,4499.0,0.0,76483.0
ITEM-0571,ORD-0329,PROD-0013,6.0,1499.0,0.0,8994.0
ITEM-0572,ORD-0330,PROD-0025,2.0,249.0,24.9,473.1
ITEM-0573,ORD-0330,PROD-0029,2.0,99.0,0.0,198.0
ITEM-0574,ORD-0331,PROD-0021,1.0,1999.0,99.95,1899.05
ITEM-0575,ORD-0332,PROD-0005,1.0,14999.0,0.0,14999.0
ITEM-0576,ORD-0333,PROD-0002,2.0,2499.0,0.0,4998.0
ITEM-0577,ORD-0333,PROD-0016,1.0,499.0,0.0,499.0
ITEM-0578,ORD-0333,PROD-0005,1.0,14999.0,0.0,14999.0
ITEM-0579,ORD-0334,PROD-0005,1.0,14999.0,0.0,14999.0
ITEM-0580,ORD-0334,PROD-0021,1.0,1999.0,99.95,1899.05
ITEM-0581,ORD-0334,PROD-0020,1.0,5499.0,0.0,5499.0
ITEM-0582,ORD-0335,PROD-0017,15.0,59.0,44.25,840.75
ITEM-0583,ORD-0335,PROD-0004,8.0,129.0,51.6,980.4
ITEM-0584,ORD-0335,PROD-0008,9.0,499.0,0.0,4491.0
ITEM-0585,ORD-0336,PROD-0027,2.0,3999.0,0.0,7998.0
ITEM-0586,ORD-0336,PROD-0009,2.0,4499.0,449.9,8548.1
ITEM-0587,ORD-0337,PROD-0010,1.0,1799.0,0.0,1799.0
ITEM-0588,ORD-0337,PROD-0020,1.0,5499.0,0.0,5499.0
ITEM-0589,ORD-0338,PROD-0029,1.0,99.0,0.0,99.0
ITEM-0590,ORD-0339,PROD-0020,2.0,5499.0,0.0,10998.0
ITEM-0591,ORD-0340,PROD-0012,1.0,899.0,0.0,899.0
ITEM-0592,ORD-0341,PROD-0010,1.0,1799.0,0.0,1799.0
ITEM-0593,ORD-0341,PROD-0001,2.0,7999.0,799.9,15198.1
ITEM-0594,ORD-0342,PROD-0003,11.0,3999.0,0.0,43989.0
ITEM-0595,ORD-0342,PROD-0018,17.0,699.0,0.0,11883.0
ITEM-0596,ORD-0343,PROD-0004,1.0,129.0,0.0,129.0
ITEM-0597,ORD-0343,PROD-0029,1.0,99.0,0.0,99.0
ITEM-0598,ORD-0343,PROD-0019,1.0,45.0,0.0,45.0
ITEM-0599,ORD-0344,PROD-0014,2.0,1999.0,0.0,3998.0
ITEM-0600,ORD-0344,PROD-0027,1.0,3999.0,0.0,3999.0
ITEM-0601,ORD-0345,PROD-0004,1.0,129.0,0.0,129.0
ITEM-0602,ORD-0345,PROD-0019,1.0,45.0,0.0,45.0
ITEM-0603,ORD-0346,PROD-0017,2.0,59.0,0.0,118.0
ITEM-0604,ORD-0347,PROD-0029,1.0,99.0,0.0,99.0
ITEM-0605,ORD-0347,PROD-0019,1.0,45.0,2.25,42.75
ITEM-0606,ORD-0348,PROD-0023,1.0,3299.0,0.0,3299.0
ITEM-0607,ORD-0349,PROD-0018,2.0,699.0,0.0,1398.0
ITEM-0608,ORD-0349,PROD-0002,1.0,2499.0,124.95,2374.05
ITEM-0609,ORD-0350,PROD-0021,1.0,1999.0,99.95,1899.05
ITEM-0610,ORD-0351,PROD-0028,1.0,999.0,0.0,999.0
ITEM-0611,ORD-0352,PROD-0025,1.0,249.0,0.0,249.0
ITEM-0612,ORD-0353,PROD-0023,1.0,3299.0,0.0,3299.0
ITEM-0613,ORD-0354,PROD-0027,1.0,3999.0,0.0,3999.0
ITEM-0614,ORD-0355,PROD-0008,2.0,499.0,0.0,998.0
ITEM-0615,ORD-0355,PROD-0029,1.0,99.0,4.95,94.05
ITEM-0616,ORD-0356,PROD-0024,1.0,1199.0,0.0,1199.0
ITEM-0617,ORD-0357,PROD-0009,2.0,4499.0,449.9,8548.1
ITEM-0618,ORD-0358,PROD-0017,2.0,59.0,0.0,118.0
ITEM-0619,ORD-0358,PROD-0012,1.0,899.0,0.0,899.0
ITEM-0620,ORD-0359,PROD-0026,2.0,79.0,0.0,158.0
ITEM-0621,ORD-0359,PROD-0025,1.0,249.0,0.0,249.0
ITEM-0622,ORD-0360,PROD-0015,1.0,2899.0,144.95,2754.05
ITEM-0623,ORD-0360,PROD-0020,3.0,5499.0,0.0,16497.0
ITEM-0624,ORD-0360,PROD-0001,2.0,7999.0,0.0,15998.0
ITEM-0625,ORD-0361,PROD-0012,2.0,899.0,0.0,1798.0
ITEM-0626,ORD-0362,PROD-0008,1.0,499.0,0.0,499.0
ITEM-0627,ORD-0363,PROD-0011,2.0,189.0,18.9,359.1
ITEM-0628,ORD-0364,PROD-0010,2.0,1799.0,179.9,3418.1
ITEM-0629,ORD-0365,PROD-0018,1.0,699.0,0.0,699.0
ITEM-0630,ORD-0365,PROD-0005,1.0,14999.0,749.95,14249.05
ITEM-0631,ORD-0366,PROD-0005,1.0,14999.0,0.0,14999.0
ITEM-0632,ORD-0366,PROD-0009,1.0,4499.0,224.95,4274.05
ITEM-0633,ORD-0367,PROD-0004,2.0,129.0,0.0,258.0
ITEM-0634,ORD-0367,PROD-0011,1.0,189.0,0.0,189.0
ITEM-0635,ORD-0367,PROD-0008,2.0,499.0,0.0,998.0
ITEM-0636,ORD-0368,PROD-0025,1.0,249.0,0.0,249.0
ITEM-0637,ORD-0369,PROD-0011,1.0,189.0,0.0,189.0
ITEM-0638,ORD-0369,PROD-0012,3.0,899.0,0.0,2697.0
ITEM-0639,ORD-0370,PROD-0003,2.0,3999.0,0.0,7998.0
ITEM-0640,ORD-0370,PROD-0002,2.0,2499.0,249.9,4748.1
ITEM-0641,ORD-0371,PROD-0003,2.0,3999.0,0.0,7998.0
ITEM-0642,ORD-0372,PROD-0017,1.0,59.0,0.0,59.0
ITEM-0643,ORD-0373,PROD-0016,14.0,499.0,0.0,6986.0
ITEM-0644,ORD-0373,PROD-0021,17.0,1999.0,0.0,33983.0
ITEM-0645,ORD-0374,PROD-0016,1.0,499.0,0.0,499.0
ITEM-0646,ORD-0374,PROD-0005,1.0,14999.0,0.0,14999.0
ITEM-0647,ORD-0375,PROD-0028,8.0,999.0,0.0,7992.0
ITEM-0648,ORD-0375,PROD-0003,19.0,3999.0,0.0,75981.0
ITEM-0649,ORD-0375,PROD-0018,8.0,699.0,0.0,5592.0
ITEM-0650,ORD-0375,PROD-0013,10.0,1499.0,0.0,14990.0
ITEM-0651,ORD-0375,PROD-0015,17.0,2899.0,2464.15,46818.85
ITEM-0652,ORD-0376,PROD-0008,2.0,499.0,0.0,998.0
ITEM-0653,ORD-0376,PROD-0026,1.0,79.0,3.95,75.05
ITEM-0654,ORD-0377,PROD-0015,1.0,2899.0,0.0,2899.0
ITEM-0655,ORD-0378,PROD-0023,3.0,3299.0,0.0,9897.0
ITEM-0656,ORD-0378,PROD-0005,1.0,14999.0,0.0,14999.0
ITEM-0657,ORD-0378,PROD-0030,2.0,2799.0,0.0,5598.0
ITEM-0658,ORD-0379,PROD-0003,2.0,3999.0,0.0,7998.0
ITEM-0659,ORD-0380,PROD-0019,1.0,45.0,0.0,45.0
ITEM-0660,ORD-0381,PROD-0012,5.0,899.0,224.75,4270.25
ITEM-0661,ORD-0381,PROD-0004,5.0,129.0,32.25,612.75
ITEM-0662,ORD-0381,PROD-0029,20.0,99.0,0.0,1980.0
ITEM-0663,ORD-0382,PROD-0005,1.0,14999.0,0.0,14999.0
ITEM-0664,ORD-0382,PROD-0001,1.0,7999.0,0.0,7999.0
ITEM-0665,ORD-0383,PROD-0001,1.0,7999.0,0.0,7999.0
ITEM-0666,ORD-0384,PROD-0021,1.0,1999.0,0.0,1999.0
ITEM-0667,ORD-0384,PROD-0003,1.0,3999.0,199.95,3799.05
ITEM-0668,ORD-0385,PROD-0028,1.0,999.0,0.0,999.0
ITEM-0669,ORD-0386,PROD-0014,1.0,1999.0,0.0,1999.0
ITEM-0670,ORD-0387,PROD-0015,1.0,2899.0,144.95,2754.05
ITEM-0671,ORD-0387,PROD-0001,1.0,7999.0,399.95,7599.05
ITEM-0672,ORD-0388,PROD-0009,1.0,4499.0,0.0,4499.0
ITEM-0673,ORD-0388,PROD-0016,1.0,499.0,0.0,499.0
ITEM-0674,ORD-0389,PROD-0024,1.0,1199.0,0.0,1199.0
ITEM-0675,ORD-0389,PROD-0022,2.0,899.0,0.0,1798.0
ITEM-0676,ORD-0390,PROD-0019,1.0,45.0,0.0,45.0
ITEM-0677,ORD-0390,PROD-0025,1.0,249.0,0.0,249.0
ITEM-0678,ORD-0391,PROD-0029,2.0,99.0,0.0,198.0
ITEM-0679,ORD-0392,PROD-0020,2.0,5499.0,0.0,10998.0
ITEM-0680,ORD-0393,PROD-0030,1.0,2799.0,0.0,2799.0
ITEM-0681,ORD-0394,PROD-0024,1.0,1199.0,59.95,1139.05
ITEM-0682,ORD-0395,PROD-0009,7.0,4499.0,1574.65,29918.35
ITEM-0683,ORD-0395,PROD-0003,11.0,3999.0,0.0,43989.0
ITEM-0684,ORD-0396,PROD-0012,1.0,899.0,44.95,854.05
ITEM-0685,ORD-0397,PROD-0025,1.0,249.0,0.0,249.0
ITEM-0686,ORD-0398,PROD-0022,1.0,899.0,44.95,854.05
ITEM-0687,ORD-0399,PROD-0028,1.0,999.0,0.0,999.0
ITEM-0688,ORD-0400,PROD-0030,1.0,2799.0,139.95,2659.05
ITEM-0689,ORD-0401,PROD-0019,1.0,45.0,0.0,45.0
ITEM-0690,ORD-0402,PROD-0022,1.0,899.0,0.0,899.0
ITEM-0691,ORD-0403,PROD-0030,14.0,2799.0,0.0,39186.0
ITEM-0692,ORD-0403,PROD-0013,8.0,1499.0,0.0,11992.0
ITEM-0693,ORD-0403,PROD-0018,16.0,699.0,0.0,11184.0
ITEM-0694,ORD-0404,PROD-0006,1.0,49.0,0.0,49.0
ITEM-0695,ORD-0405,PROD-0024,17.0,1199.0,1019.15,19363.85
ITEM-0696,ORD-0405,PROD-0009,19.0,4499.0,0.0,85481.0
ITEM-0697,ORD-0406,PROD-0007,2.0,89999.0,0.0,179998.0
ITEM-0698,ORD-0407,PROD-0021,19.0,1999.0,0.0,37981.0
ITEM-0699,ORD-0407,PROD-0024,7.0,1199.0,0.0,8393.0
ITEM-0700,ORD-0408,PROD-0008,3.0,499.0,0.0,1497.0
ITEM-0701,ORD-0409,PROD-0018,2.0,699.0,69.9,1328.1
ITEM-0702,ORD-0410,PROD-0029,1.0,99.0,0.0,99.0
ITEM-0703,ORD-0410,PROD-0006,1.0,49.0,0.0,49.0
ITEM-0704,ORD-0411,PROD-0013,2.0,1499.0,0.0,2998.0
ITEM-0705,ORD-0412,PROD-0020,1.0,5499.0,0.0,5499.0
ITEM-0706,ORD-0413,PROD-0021,3.0,1999.0,0.0,5997.0
ITEM-0707,ORD-0413,PROD-0014,2.0,1999.0,0.0,3998.0
ITEM-0708,ORD-0413,PROD-0028,1.0,999.0,0.0,999.0
ITEM-0709,ORD-0414,PROD-0014,1.0,1999.0,99.95,1899.05
ITEM-0710,ORD-0414,PROD-0010,2.0,1799.0,179.9,3418.1
ITEM-0711,ORD-0414,PROD-0028,1.0,999.0,0.0,999.0
ITEM-0712,ORD-0415,PROD-0019,1.0,45.0,0.0,45.0
ITEM-0713,ORD-0416,PROD-0004,1.0,129.0,0.0,129.0
ITEM-0714,ORD-0417,PROD-0003,1.0,3999.0,0.0,3999.0
ITEM-0715,ORD-0417,PROD-0024,1.0,1199.0,0.0,1199.0
ITEM-0716,ORD-0418,PROD-0027,6.0,3999.0,0.0,23994.0
ITEM-0717,ORD-0418,PROD-0024,6.0,1199.0,0.0,7194.0
ITEM-0718,ORD-0418,PROD-0007,8.0,89999.0,0.0,719992.0
ITEM-0719,ORD-0419,PROD-0023,1.0,3299.0,0.0,3299.0
ITEM-0720,ORD-0419,PROD-0001,1.0,7999.0,0.0,7999.0
ITEM-0721,ORD-0420,PROD-0001,1.0,7999.0,0.0,7999.0
ITEM-0722,ORD-0420,PROD-0028,1.0,999.0,0.0,999.0
ITEM-0723,ORD-0421,PROD-0027,1.0,3999.0,0.0,3999.0
ITEM-0724,ORD-0422,PROD-0020,1.0,5499.0,274.95,5224.05
ITEM-0725,ORD-0423,PROD-0010,1.0,1799.0,0.0,1799.0
ITEM-0726,ORD-0424,PROD-0010,2.0,1799.0,0.0,3598.0
ITEM-0727,ORD-0425,PROD-0015,1.0,2899.0,0.0,2899.0
ITEM-0728,ORD-0426,PROD-0018,2.0,699.0,0.0,1398.0
ITEM-0729,ORD-0427,PROD-0011,1.0,189.0,9.45,179.55
ITEM-0730,ORD-0428,PROD-0026,2.0,79.0,0.0,158.0
ITEM-0731,ORD-0428,PROD-0011,2.0,189.0,0.0,378.0
ITEM-0732,ORD-0429,PROD-0015,1.0,2899.0,0.0,2899.0
ITEM-0733,ORD-0430,PROD-0005,2.0,14999.0,1499.9,28498.1
ITEM-0734,ORD-0430,PROD-0001,2.0,7999.0,0.0,15998.0
ITEM-0735,ORD-0431,PROD-0025,1.0,249.0,0.0,249.0
ITEM-0736,ORD-0431,PROD-0017,1.0,59.0,0.0,59.0
ITEM-0737,ORD-0432,PROD-0028,1.0,999.0,49.95,949.05
ITEM-0738,ORD-0432,PROD-0020,1.0,5499.0,0.0,5499.0
ITEM-0739,ORD-0433,PROD-0024,19.0,1199.0,0.0,22781.0
ITEM-0740,ORD-0433,PROD-0030,9.0,2799.0,0.0,25191.0
ITEM-0741,ORD-0433,PROD-0014,14.0,1999.0,1399.3,26586.7
ITEM-0742,ORD-0433,PROD-0018,13.0,699.0,0.0,9087.0
ITEM-0743,ORD-0433,PROD-0027,16.0,3999.0,0.0,63984.0
ITEM-0744,ORD-0434,PROD-0019,1.0,45.0,2.25,42.75
ITEM-0745,ORD-0435,PROD-0027,1.0,3999.0,0.0,3999.0
ITEM-0746,ORD-0436,PROD-0005,1.0,14999.0,0.0,14999.0
ITEM-0747,ORD-0437,PROD-0017,1.0,59.0,0.0,59.0
ITEM-0748,ORD-0437,PROD-0011,1.0,189.0,0.0,189.0
ITEM-0749,ORD-0437,PROD-0006,2.0,49.0,0.0,98.0
ITEM-0750,ORD-0438,PROD-0020,1.0,5499.0,0.0,5499.0
ITEM-0751,ORD-0438,PROD-0013,1.0,1499.0,0.0,1499.0
ITEM-0752,ORD-0438,PROD-0018,2.0,699.0,0.0,1398.0
ITEM-0753,ORD-0439,PROD-0019,2.0,45.0,0.0,90.0
ITEM-0754,ORD-0440,PROD-0014,1.0,1999.0,0.0,1999.0
ITEM-0755,ORD-0441,PROD-0020,1.0,5499.0,0.0,5499.0
ITEM-0756,ORD-0442,PROD-0026,2.0,79.0,0.0,158.0
ITEM-0757,ORD-0443,PROD-0014,2.0,1999.0,0.0,3998.0
ITEM-0758,ORD-0444,PROD-0028,1.0,999.0,0.0,999.0
ITEM-0759,ORD-0445,PROD-0003,2.0,3999.0,0.0,7998.0
ITEM-0760,ORD-0445,PROD-0022,1.0,899.0,0.0,899.0
ITEM-0761,ORD-0446,PROD-0026,1.0,79.0,0.0,79.0
ITEM-0762,ORD-0447,PROD-0023,1.0,3299.0,0.0,3299.0
ITEM-0763,ORD-0447,PROD-0003,1.0,3999.0,0.0,3999.0
ITEM-0764,ORD-0447,PROD-0001,2.0,7999.0,0.0,15998.0
ITEM-0765,ORD-0448,PROD-0009,1.0,4499.0,0.0,4499.0
ITEM-0766,ORD-0449,PROD-0027,1.0,3999.0,0.0,3999.0
ITEM-0767,ORD-0449,PROD-0009,1.0,4499.0,0.0,4499.0
ITEM-0768,ORD-0449,PROD-0030,1.0,2799.0,0.0,2799.0
ITEM-0769,ORD-0450,PROD-0003,2.0,3999.0,0.0,7998.0
ITEM-0770,ORD-0450,PROD-0018,1.0,699.0,0.0,699.0
ITEM-0771,ORD-0451,PROD-0004,1.0,129.0,6.45,122.55
ITEM-0772,ORD-0452,PROD-0003,1.0,3999.0,199.95,3799.05
ITEM-0773,ORD-0453,PROD-0010,15.0,1799.0,1349.25,25635.75
ITEM-0774,ORD-0453,PROD-0015,14.0,2899.0,2029.3,38556.7
ITEM-0775,ORD-0453,PROD-0009,8.0,4499.0,0.0,35992.0
ITEM-0776,ORD-0453,PROD-0023,9.0,3299.0,0.0,29691.0
ITEM-0777,ORD-0453,PROD-0020,14.0,5499.0,3849.3,73136.7
ITEM-0778,ORD-0454,PROD-0027,1.0,3999.0,199.95,3799.05
ITEM-0779,ORD-0455,PROD-0022,1.0,899.0,44.95,854.05
ITEM-0780,ORD-0456,PROD-0001,1.0,7999.0,0.0,7999.0
ITEM-0781,ORD-0456,PROD-0027,1.0,3999.0,0.0,3999.0
ITEM-0782,ORD-0457,PROD-0024,1.0,1199.0,59.95,1139.05
ITEM-0783,ORD-0458,PROD-0010,1.0,1799.0,0.0,1799.0
ITEM-0784,ORD-0458,PROD-0005,1.0,14999.0,0.0,14999.0
ITEM-0785,ORD-0459,PROD-0012,1.0,899.0,0.0,899.0
ITEM-0786,ORD-0460,PROD-0022,1.0,899.0,44.95,854.05
ITEM-0787,ORD-0460,PROD-0005,1.0,14999.0,749.95,14249.05
ITEM-0788,ORD-0461,PROD-0001,2.0,7999.0,799.9,15198.1
ITEM-0789,ORD-0462,PROD-0003,1.0,3999.0,0.0,3999.0
ITEM-0790,ORD-0463,PROD-0029,2.0,99.0,0.0,198.0
ITEM-0791,ORD-0464,PROD-0029,2.0,99.0,0.0,198.0
ITEM-0792,ORD-0465,PROD-0024,20.0,1199.0,0.0,23980.0
ITEM-0793,ORD-0465,PROD-0018,9.0,699.0,0.0,6291.0
ITEM-0794,ORD-0465,PROD-0014,8.0,1999.0,799.6,15192.4
ITEM-0795,ORD-0465,PROD-0002,20.0,2499.0,0.0,49980.0
ITEM-0796,ORD-0465,PROD-0001,9.0,7999.0,3599.55,68391.45
ITEM-0797,ORD-0466,PROD-0017,1.0,59.0,0.0,59.0
ITEM-0798,ORD-0467,PROD-0007,1.0,89999.0,0.0,89999.0
ITEM-0799,ORD-0468,PROD-0002,1.0,2499.0,0.0,2499.0
ITEM-0800,ORD-0469,PROD-0023,1.0,3299.0,0.0,3299.0
ITEM-0801,ORD-0469,PROD-0002,1.0,2499.0,0.0,2499.0
ITEM-0802,ORD-0470,PROD-0018,1.0,699.0,34.95,664.05
ITEM-0803,ORD-0471,PROD-0022,1.0,899.0,0.0,899.0
ITEM-0804,ORD-0472,PROD-0024,1.0,1199.0,0.0,1199.0
ITEM-0805,ORD-0473,PROD-0020,15.0,5499.0,4124.25,78360.75
ITEM-0806,ORD-0473,PROD-0009,15.0,4499.0,3374.25,64110.75
ITEM-0807,ORD-0474,PROD-0026,1.0,79.0,0.0,79.0
ITEM-0808,ORD-0475,PROD-0019,1.0,45.0,0.0,45.0
ITEM-0809,ORD-0475,PROD-0012,3.0,899.0,0.0,2697.0
ITEM-0810,ORD-0476,PROD-0022,1.0,899.0,0.0,899.0
ITEM-0811,ORD-0477,PROD-0010,1.0,1799.0,0.0,1799.0
ITEM-0812,ORD-0478,PROD-0019,1.0,45.0,0.0,45.0
ITEM-0813,ORD-0479,PROD-0007,2.0,89999.0,0.0,179998.0
ITEM-0814,ORD-0479,PROD-0030,1.0,2799.0,0.0,2799.0
ITEM-0815,ORD-0480,PROD-0017,1.0,59.0,2.95,56.05
ITEM-0816,ORD-0481,PROD-0021,1.0,1999.0,0.0,1999.0
ITEM-0817,ORD-0481,PROD-0014,1.0,1999.0,0.0,1999.0
ITEM-0818,ORD-0482,PROD-0004,3.0,129.0,0.0,387.0
ITEM-0819,ORD-0483,PROD-0012,1.0,899.0,0.0,899.0
ITEM-0820,ORD-0483,PROD-0008,1.0,499.0,24.95,474.05
ITEM-0821,ORD-0484,PROD-0012,2.0,899.0,0.0,1798.0
ITEM-0822,ORD-0484,PROD-0017,2.0,59.0,0.0,118.0
ITEM-0823,ORD-0485,PROD-0025,2.0,249.0,0.0,498.0
ITEM-0824,ORD-0486,PROD-0007,1.0,89999.0,0.0,89999.0
ITEM-0825,ORD-0486,PROD-0022,1.0,899.0,0.0,899.0
ITEM-0826,ORD-0487,PROD-0001,1.0,7999.0,0.0,7999.0
ITEM-0827,ORD-0487,PROD-0028,1.0,999.0,49.95,949.05
ITEM-0828,ORD-0488,PROD-0004,2.0,129.0,12.9,245.1
ITEM-0829,ORD-0488,PROD-0017,3.0,59.0,0.0,177.0
ITEM-0830,ORD-0489,PROD-0019,1.0,45.0,0.0,45.0
ITEM-0831,ORD-0490,PROD-0030,2.0,2799.0,0.0,5598.0
ITEM-0832,ORD-0490,PROD-0023,1.0,3299.0,0.0,3299.0
ITEM-0833,ORD-0490,PROD-0014,2.0,1999.0,0.0,3998.0
ITEM-0834,ORD-0491,PROD-0016,1.0,499.0,0.0,499.0
ITEM-0835,ORD-0492,PROD-0020,2.0,5499.0,549.9,10448.1
ITEM-0836,ORD-0493,PROD-0030,1.0,2799.0,0.0,2799.0
ITEM-0837,ORD-0494,PROD-0011,1.0,189.0,0.0,189.0
ITEM-0838,ORD-0495,PROD-0004,1.0,129.0,0.0,129.0
ITEM-0839,ORD-0496,PROD-0010,1.0,1799.0,0.0,1799.0
ITEM-0840,ORD-0497,PROD-0005,1.0,14999.0,0.0,14999.0
ITEM-0841,ORD-0497,PROD-0009,1.0,4499.0,224.95,4274.05
ITEM-0842,ORD-0498,PROD-0017,1.0,59.0,0.0,59.0
ITEM-0843,ORD-0498,PROD-0029,1.0,99.0,0.0,99.0
ITEM-0844,ORD-0498,PROD-0025,1.0,249.0,0.0,249.0
ITEM-0845,ORD-0499,PROD-0024,1.0,1199.0,0.0,1199.0
ITEM-0846,ORD-0499,PROD-0013,1.0,1499.0,0.0,1499.0
ITEM-0847,ORD-0499,PROD-0002,1.0,2499.0,0.0,2499.0
ITEM-0848,ORD-0500,PROD-0022,2.0,899.0,0.0,1798.0
ITEM-0849,ORD-0501,PROD-0022,1.0,899.0,0.0,899.0
ITEM-0850,ORD-0502,PROD-0025,1.0,249.0,0.0,249.0
ITEM-0851,ORD-0503,PROD-0011,1.0,189.0,0.0,189.0
ITEM-0852,ORD-0504,PROD-0001,2.0,7999.0,0.0,15998.0
ITEM-0853,ORD-0505,PROD-0011,2.0,189.0,0.0,378.0
ITEM-0854,ORD-0506,PROD-0013,1.0,1499.0,0.0,1499.0
ITEM-0855,ORD-0507,PROD-0015,1.0,2899.0,0.0,2899.0
ITEM-0856,ORD-0508,PROD-0024,1.0,1199.0,0.0,1199.0
ITEM-0857,ORD-0508,PROD-0002,1.0,2499.0,0.0,2499.0
ITEM-0858,ORD-0509,PROD-0003,1.0,3999.0,0.0,3999.0
ITEM-0859,ORD-0510,PROD-0025,1.0,249.0,0.0,249.0
ITEM-0860,ORD-0511,PROD-0009,1.0,4499.0,0.0,4499.0
ITEM-0861,ORD-0511,PROD-0030,1.0,2799.0,0.0,2799.0
ITEM-0862,ORD-0511,PROD-0015,1.0,2899.0,0.0,2899.0
ITEM-0863,ORD-0512,PROD-0002,1.0,2499.0,124.95,2374.05
ITEM-0864,ORD-0513,PROD-0027,1.0,3999.0,0.0,3999.0
ITEM-0865,ORD-0513,PROD-0028,2.0,999.0,0.0,1998.0
ITEM-0866,ORD-0513,PROD-0007,2.0,89999.0,0.0,179998.0
ITEM-0867,ORD-0514,PROD-0023,1.0,3299.0,0.0,3299.0
ITEM-0868,ORD-0515,PROD-0022,3.0,899.0,0.0,2697.0
ITEM-0869,ORD-0516,PROD-0020,7.0,5499.0,0.0,38493.0
ITEM-0870,ORD-0516,PROD-0021,20.0,1999.0,0.0,39980.0
ITEM-0871,ORD-0516,PROD-0028,9.0,999.0,0.0,8991.0
ITEM-0872,ORD-0516,PROD-0024,14.0,1199.0,0.0,16786.0
ITEM-0873,ORD-0516,PROD-0022,18.0,899.0,0.0,16182.0
ITEM-0874,ORD-0517,PROD-0022,1.0,899.0,0.0,899.0
ITEM-0875,ORD-0518,PROD-0007,1.0,89999.0,0.0,89999.0
ITEM-0876,ORD-0519,PROD-0009,1.0,4499.0,0.0,4499.0
ITEM-0877,ORD-0519,PROD-0001,2.0,7999.0,799.9,15198.1
ITEM-0878,ORD-0520,PROD-0026,1.0,79.0,0.0,79.0
